Counter,Location,Experiment,Site,PID,Paired_PID,Species,Treatment,Lat_Deg,Lon_Deg,Date_01,Days_01,Diam_mm_01,Height_cm_01,DBH_01,Canopy_length_cm_01,Canopy_width_cm_01,Ground_cover_percent_01,Notes_01,Dead_01,Use_growth_01,Date_02,Days_02,Diam_mm_02,Height_cm_02,DBH_02,Canopy_length_cm_02,Canopy_width_cm_02,Ground_cover_percent_02,Notes_02,Dead_02,Use_growth_02,foliar_N_mg_g_02,foliar_C_mg_g_02,foliar_15N_AP_02,foliar_d15N_02,foliar_d13C_02,Date_03,Days_03,Diam_mm_03,Height_cm_03,DBH_03,Canopy_length_cm_03,Canopy_width_cm_03,Ground_cover_percent_03,Notes_03,Dead_03,Use_growth_03,foliar_N_mg_g_03,foliar_C_mg_g_03,foliar_15N_AP_03,foliar_d15N_03,foliar_d13C_03,Date_04,Days_04,Diam_mm_04,Height_cm_04,DBH_04,Canopy_length_cm_04,Canopy_width_cm_04,Ground_cover_percent_04,Notes_04,Dead_04,Use_growth_04,foliar_N_mg_g_04,foliar_C_mg_g_04,foliar_15N_AP_04,foliar_d15N_04,foliar_d13C_04,Date_05,Days_05,Diam_mm_05,Height_cm_05,DBH_05,Canopy_length_cm_05,Canopy_width_cm_05,Ground_cover_percent_05,Notes_05,Dead_05,Use_growth_05,Date_06,Days_06,foliar_N_mg_g_06,foliar_C_mg_g_06,foliar_15N_AP_06,foliar_d15N_06,foliar_d13C_06,Notes_06,Date_07,Days_07,Diam_mm_07,Height_cm_07,DBH_07,Canopy_length_cm_07,Canopy_width_cm_07,Ground_cover_percent_07,Notes_07,Dead_07,Use_growth_07,foliar_N_mg_g_07,foliar_C_mg_g_07,foliar_15N_AP_07,foliar_d15N_07,foliar_d13C_07,seedpod_N_mg_g_07,seedpod_C_mg_g_07,seedpod_15N_AP_07,seedpod_d15N_07,seedpod_d13C_07,disk_d15N_07,Date_08,Days_08,Diam_mm_08,Height_cm_08,DBH_08,DBH_stem2_08,DBH_stem3_08,Canopy_length_cm_08,Canopy_width_cm_08,Ground_cover_percent_08,Notes_08,Dead_08,Use_growth_08,foliar_N_mg_g_08,foliar_C_mg_g_08,foliar_15N_AP_08,foliar_d15N_08,foliar_d13C_08,Aboveground_harvest_date_08,Harvest_notes_08,Main_stem_g_dry_08,Twigs_g_dry_08,Leaves_g_dry_08,Secondary_stems_g_dry_08,Thorns_mg_dry_mainstem_08,Thorns_mg_dry_secondarystem_08,Thorns_mg_dry_twigs_08,Aboveground_mass_g_dry_08,Root_g_dry_08,Nodule_drymass_mg_08,Num_soil_cores_for_nodule_sampling_08,Coring_radius_for_nodule_sampling_m_08,Use_allometry_08,Allometry_notes_08,Biomass_g_dry_08,AGB_est_kg_01,AGB_est_kg_02,AGB_est_kg_03,AGB_est_kg_04,AGB_est_kg_05,AGB_est_kg_07,AGB_est_kg_08,BGB_est_kg_01,BGB_est_kg_02,BGB_est_kg_03,BGB_est_kg_04,BGB_est_kg_05,BGB_est_kg_07,BGB_est_kg_08,Biomass_est_kg_01,Biomass_est_kg_02,Biomass_est_kg_03,Biomass_est_kg_04,Biomass_est_kg_05,Biomass_est_kg_07,Biomass_est_kg_08
1,NY,FX,Turtle,1,2,BENI,HN,41.41916,74.02812,6/5/15,0,5.05,51.8,NA,NA,NA,NA,,0,1,10/19/16,502,28.69,223.52,8.52,NA,NA,NA,,0,1,24.90615522,531.2005214,0.90705,1489.7,-29.4,6/1/17,727,30.81,230,NA,121,104,100,,0,0,NA,NA,NA,NA,NA,10/3/17,851,52.65,440,NA,277,217,95,,0,1,19.53943413,452.243089,1.08505,1983.7,-28.8,4/20/18,1050,58.48,426,NA,228,204,87.5,standing water,0,0,8/21/18,1173,26.2,486.39,0.91562,1513.5,-30.09,,9/13/18,1196,87.6,550,NA,430,450,12.5,,0,1,25.3,468.56,0.6754,849.6,-31.5,NA,NA,NA,NA,NA,579.22,10/4/19,1582,112.98,674,79.66,NA,NA,440,438,100,,0,1,21.99270584,495.6694768,0.49848,362.65,-28.94,10/11/19,"Stem, twigs, leaves, and secondary are the components of aboveground biomass. Thorns are included in stem mass, but are total thorn mass for each tissue for each plant (already upscaled from the subsample); nodule mass was just in cores sampled (not upscaled); the number of cores sampled differs by tree based on size (see column for number of cores)",9738.665365,3433.564545,558.6790909,2416.059281,0,0,0,16146.96828,5713.07,NA,5,2,1,,21860.03828,0.001274672,0.361863791,0.423121908,2.694637099,2.955230565,7.594700338,14.34233849,0.001639641,0.141718732,0.162423013,0.861927574,0.943459517,2.347845942,4.439535595,0.003679019,0.476136132,0.55372288,3.36950108,3.750908627,10.19919522,20.44642932
2,NY,FX,Turtle,2,1,ROPS,HN,41.41917,74.02817,6/5/15,0,4.21,26.4,NA,NA,NA,NA,,0,1,10/19/16,502,23.02,236.22,12.61,NA,NA,NA,,0,1,33.34522449,471.512175,1.12001,2080.9,-30.9,6/1/17,727,26.17,261,NA,117,108,100,,0,0,NA,NA,NA,NA,NA,10/3/17,851,39.3,315,NA,220,215,95,"deer browse damage (new); 0.5 for Use_growth means usable, but some question due to notes (e.g., deer damage), growth decline, or both",0.5,1,37.86881769,452.5060159,0.63363,734.4,-27.9,4/20/18,1050,38.45,312,NA,165,150,87.5,,0,0,8/21/18,1173,37.1,477.87,0.55834,527.2,-29.4,,9/13/18,1196,67.01,460,NA,330,345,12.5,deer browse damage (new),0.5,1,39.4,469.14,0.52518,436,-29.59,NA,NA,NA,NA,NA,NA,10/4/19,1582,82.34,450,40.57,26.18,NA,327,343,100,,0,1,24.3708047,471.4126819,0.45357,239.33,-28.47,10/11/19,,2939.512344,1118.568575,512.8798225,1061.056852,380,1867.796473,2209.736417,6012.017594,2761.26,59.76,4,1.5,1,,8773.277594,0.000426007,0.198418236,0.293529188,0.882344238,0.832133963,4.32388749,6.638601505,0.000978991,0.094088922,0.132805905,0.396064895,0.373462584,1.661661737,2.890544183,0.000881475,0.322709818,0.470128955,1.353542413,1.279452664,6.232444611,9.409434794
3,NY,FX,Turtle,3,4,BENI,PHN,41.41903,74.02818,6/5/15,0,2.92,44.9,NA,NA,NA,NA,,0,0,10/19/16,502,NA,NA,NA,NA,NA,NA,dead,1,0,NA,NA,NA,NA,NA,6/1/17,727,NA,NA,NA,NA,NA,100,dead,1,0,NA,NA,NA,NA,NA,10/3/17,851,NA,NA,NA,NA,NA,NA,dead,1,0,NA,NA,NA,NA,NA,4/20/18,1050,NA,NA,NA,NA,NA,NA,dead,1,0,8/21/18,1173,NA,NA,NA,NA,NA,,9/13/18,1196,NA,NA,NA,NA,NA,NA,dead,1,0,NA,NA,NA,NA,NA,NA,NA,NA,NA,NA,NA,10/4/19,1582,NA,NA,NA,NA,NA,NA,NA,100,gone,1,0,NA,NA,NA,NA,NA,NA,gone,NA,NA,NA,NA,NA,NA,NA,NA,NA,NA,NA,NA,0,,NA,0.000349322,NA,NA,NA,NA,NA,NA,0.000644326,NA,NA,NA,NA,NA,NA,0.001317272,NA,NA,NA,NA,NA,NA
4,NY,FX,Turtle,4,3,ROPS,PHN,41.41898,74.02824,6/5/15,0,5.55,34.3,NA,NA,NA,NA,,0,1,10/19/16,502,19.22,210.82,6.34,NA,NA,NA,,0,1,37.8041083,519.4376686,1.34122,2697.7,-30.5,6/1/17,727,21.39,208,NA,125,88,100,,0,0,NA,NA,NA,NA,NA,10/3/17,851,26.6,232,NA,135,98,95,deer browse damage (new),0.5,0,34.87329668,447.5290161,0.831,1279.3,-29.5,4/20/18,1050,26.99,252,NA,74,70,87.5,deer browse damage (new),0.5,0,8/21/18,1173,28.6,391.69,0.58857,610.4,-30.37,,9/13/18,1196,38.31,240,NA,75,110,87.5,"dead with a live branch; live branch dimensions are 180 cm height, 150 cm length, 135 cm width  previously deer browse damage",0.5,0,31.9,468.26,0.55725,524.2,-30.11,NA,NA,NA,NA,NA,NA,10/4/19,1582,28.61,138,11.48,NA,NA,120,58,100,"Clonal! Second ramet diam_mm = 16.89, DBH_mm = 9.17, Height_cm = 220, Length_cm = 75, Width_cm = 71; For first ramet, green height = 111 cm, length = 94 cm",0.5,0,31.60469253,483.091705,0.40168,96.96,-30.63,10/11/19,,202.1265789,264.0374945,83.13678492,88.10136986,NA,641.0958904,1542.017738,637.4022282,355.53,52.311,3,1,0.3,"0.3 means could use if needed (has all tissues), but somewhat suspect due to previous damage; we're using 0.3s and 1s",992.9322282,0.009714413,0.452838804,0.541666369,0.881591872,0.974200692,1.743881969,0.631291963,0.010128991,0.148876259,0.187649671,0.300740684,0.310362903,0.662211543,0.352083087,0.01950142,0.719849212,0.851735324,1.345832454,1.478212119,2.554143807,0.983475893
5,NY,FX,Turtle,5,6,BENI,LN,41.4189,74.02829,6/5/15,0,4.3,60.4,NA,NA,NA,NA,,0,1,10/19/16,502,12.9,80.01,NA,NA,NA,NA,,0,1,16.5,511.8,1.15743,2185.1,-32.6,6/1/17,727,15.07,82,NA,53,44,100,,0,0,NA,NA,NA,NA,NA,10/3/17,851,21.2,110,NA,65,65,100,,0,1,21.74663811,444.2644007,0.82682,1267.7,-30.6,4/20/18,1050,20.91,108,NA,64,55,87.5,,0,0,8/21/18,1173,21.9,476.99,0.69443,902,-31.22,,9/13/18,1196,32.14,181,NA,110,105,62.5,,0,1,22.5,472.78,0.6967,908.3,-31.05,NA,NA,NA,NA,NA,NA,10/4/19,1582,41.34,204,NA,NA,NA,87,101,100,,1,1,21.64632115,483.2340686,0.5307,451.19,-32.04,10/11/19,No secondary stems; all main or twigs and leaves,217.0289362,210.7760279,94.41825784,0,0,0,0,522.2232219,155.9,NA,3,1,0.3,,678.1232219,0.001606333,0.018918144,0.025815919,0.078156514,0.073928257,0.363454311,0.654338129,0.001666343,0.010757518,0.013693808,0.033205588,0.031732188,0.120332329,0.200241269,0.004361126,0.034908918,0.045766924,0.120187746,0.114439343,0.484218999,0.849399217
6,NY,FX,Turtle,6,5,ROPS,LN,41.41885,74.02828,6/5/15,0,7.37,32.7,NA,NA,NA,NA,,0,1,10/19/16,502,15.05,129.54,NA,NA,NA,NA,high herbivore damage,0.5,0,30.91,508.19,0.40574,108.1,-30.7,6/1/17,727,15.83,133,NA,73,66,100,"previously listed as high herbivore damage, no note this time",0,0,NA,NA,NA,NA,NA,10/3/17,851,22.55,154,NA,80,85,100,"previously listed as high herbivore damage, no note this time or last time",0,0,19.38810292,451.3294909,0.41009,120,-30.1,4/20/18,1050,22.28,58,NA,13,3,87.5,"Broken stem, probably dead; previously listed as high herbivore damage, no note this time or last time",1,0,8/21/18,1173,NA,NA,NA,NA,NA,,9/13/18,1196,NA,NA,NA,NA,NA,NA,"dead; previously listed as high herbivore damage, no note last two times",1,0,NA,NA,NA,NA,NA,NA,NA,NA,NA,NA,NA,10/4/19,1582,NA,NA,NA,NA,NA,NA,NA,100,gone,1,0,NA,NA,NA,NA,NA,NA,gone,NA,NA,NA,NA,NA,NA,NA,NA,NA,NA,NA,NA,0,,NA,0.000121772,0.007580358,0.009145387,0.03218817,0.007371971,NA,NA,0.004047161,0.033784789,0.039259362,0.11237251,0.108420576,NA,NA,0.000186242,0.011662704,0.014074368,0.049625999,0.011341636,NA,NA
7,NY,FX,Turtle,7,8,BENI,PHN,41.41884,74.02844,6/5/15,0,6.34,58.8,NA,NA,NA,NA,,0,1,10/19/16,502,26.55,149.86,NA,NA,NA,NA,,0,1,25.96,529.22,2.37061,5604.6,-32,6/1/17,727,NA,NA,NA,NA,NA,100,pair is dead,0,0,NA,NA,NA,NA,NA,10/3/17,851,NA,NA,NA,NA,NA,NA,pair is dead,0,1,17.08870449,472.2928444,1.72071,3762.2,-29.7,4/20/18,1050,38.5,260,NA,124,132,87.5,did not fertilize (dead ROPS),0,0,8/21/18,1173,22.6,452.29,0.58447,599.1,-30.89,,9/13/18,1196,62.72,360,NA,190,190,62.5,two stems: 50.22mm and 12.5; did not fertilize (dead ROPS),0,0,28.7,471.6,0.51714,413.9,-30.83,NA,NA,NA,NA,NA,NA,10/4/19,1582,59.58340876,359,32.77,NA,NA,195,184,100,,0,0,19.69050825,494.5000717,0.45303,237.83,-32.53,10/11/19,,1290.213706,601.9269374,530.8884499,59.82594752,0,0,0,2482.855041,977.18,NA,4,1.5,0.3,"Use if not treatment specific, but not if treatment-specific",3460.035041,0.002475194,0.159700715,NA,NA,0.724770834,2.489976545,2.305996377,0.002670822,0.070685432,NA,NA,0.261333641,0.805859237,0.750079281,0.006383479,0.231711819,NA,NA,0.947964539,3.256794132,3.003020681
8,NY,FX,Turtle,8,7,ROPS,PHN,41.41887,74.02841,6/5/15,0,9.9,46.9,NA,NA,NA,NA,,0,0,10/19/16,502,14.11,137.16,NA,NA,NA,NA,no leaves all year,1,0,NA,NA,NA,NA,NA,6/1/17,727,NA,NA,NA,NA,NA,100,dead,1,0,NA,NA,NA,NA,NA,10/3/17,851,NA,NA,NA,NA,NA,NA,dead,1,0,NA,NA,NA,NA,NA,4/20/18,1050,NA,NA,NA,NA,NA,NA,dead,1,0,8/21/18,1173,NA,NA,NA,NA,NA,,9/13/18,1196,NA,NA,NA,NA,NA,NA,dead,1,0,NA,NA,NA,NA,NA,NA,NA,NA,NA,NA,NA,10/4/19,1582,NA,NA,NA,NA,NA,NA,NA,100,gone,1,0,NA,NA,NA,NA,NA,NA,gone,NA,NA,NA,NA,NA,NA,NA,NA,NA,NA,NA,NA,0,,NA,0.036135344,0.177544636,NA,NA,NA,NA,NA,0.035433067,0.076276839,NA,NA,NA,NA,NA,0.066977184,0.298748584,NA,NA,NA,NA,NA
9,NY,FX,Turtle,9,10,BENI,MN,41.419,74.02836,6/5/15,0,6.78,64.3,NA,NA,NA,NA,,0,1,10/19/16,502,37.13,266.7,11.1,NA,NA,NA,,0,1,19.57,483.2,1.05683,1905.3,-30.2,6/1/17,727,33,280,NA,197,145,100,,0,0,NA,NA,NA,NA,NA,10/3/17,851,NA,NA,NA,NA,NA,NA,dead,1,0,11.22347986,465.4720557,0.76156,1087.3,-30.6,4/20/18,1050,NA,NA,NA,NA,NA,NA,dead,1,0,8/21/18,1173,NA,NA,NA,NA,NA,,9/13/18,1196,NA,NA,NA,NA,NA,NA,dead,1,0,NA,NA,NA,NA,NA,NA,NA,NA,NA,NA,NA,10/4/19,1582,NA,NA,NA,NA,NA,NA,NA,100,gone,1,0,NA,NA,NA,NA,NA,NA,gone,NA,NA,NA,NA,NA,NA,NA,NA,NA,NA,NA,NA,0,,NA,0.002341297,0.503054892,0.459734321,NA,NA,NA,NA,0.003331863,0.258739474,0.238098012,NA,NA,NA,NA,0.005438831,0.626702953,0.566334917,NA,NA,NA,NA
10,NY,FX,Turtle,10,9,ROPS,MN,41.41906,74.02836,6/5/15,0,8.5,44.8,NA,NA,NA,NA,,0,1,10/19/16,502,46.49,276.86,21,NA,NA,NA,,0,1,41.76,511.7,0.69428,901.6,-30.8,6/1/17,727,45,291,NA,240,179,100,,0,0,NA,NA,NA,NA,NA,10/3/17,851,60.05,330,NA,258,227,100,,0,1,29.155198,469.6974589,0.61029,670.2,-29.8,4/20/18,1050,65.81,320,NA,188,182,87.5,,0,0,8/21/18,1173,27.3,490.75,0.48725,331.8,-29.28,,9/13/18,1196,74.43,460,NA,270,250,62.5,,0,1,22.4,483.9,0.48404,323,-28.81,21.7,470.69,0.49036,340.3,-27.85,NA,10/4/19,1582,71.92204808,414,40.9,NA,NA,187,206,100,"no leaves, so no green height etc.",0.5,0,NA,NA,NA,NA,NA,10/11/19,No leaves,1878.389184,918.2602802,0,1304.721581,NA,249.971581,5582.93743,4101.371045,872.61,10.447,4,1.5,0.1,"0.1 means doesn't have leaves, but otherwise fine; not using these for total aboveground or total biomass or belowground biomass",4973.981045,0.003063412,1.171478824,1.151186143,2.563718296,3.049872792,6.10431338,5.007140186,0.001029802,0.346346474,0.309792149,0.831969673,1.138447416,1.735202841,1.543048961,0.003034206,1.403360264,1.378280387,3.149077527,3.767095275,7.709029718,6.283486244
11,NY,FX,Turtle,11,12,BENI,MN,41.41914,74.02829,6/5/15,0,3.23,48.4,NA,NA,NA,NA,,0,0,10/19/16,502,7.11,48.26,NA,NA,NA,NA,looks dead,1,0,NA,NA,NA,NA,NA,6/1/17,727,NA,NA,NA,NA,NA,100,dead,1,0,NA,NA,NA,NA,NA,10/3/17,851,NA,NA,NA,NA,NA,NA,dead,1,0,NA,NA,NA,NA,NA,4/20/18,1050,NA,NA,NA,NA,NA,NA,dead,1,0,8/21/18,1173,NA,NA,NA,NA,NA,,9/13/18,1196,NA,NA,NA,NA,NA,NA,dead,1,0,NA,NA,NA,NA,NA,NA,NA,NA,NA,NA,NA,10/4/19,1582,NA,NA,NA,NA,NA,NA,NA,100,gone,1,0,NA,NA,NA,NA,NA,NA,gone,NA,NA,NA,NA,NA,NA,NA,NA,NA,NA,NA,NA,0,,NA,0.000346313,0.001429093,NA,NA,NA,NA,NA,0.000822689,0.002316825,NA,NA,NA,NA,NA,0.001154674,0.003746483,NA,NA,NA,NA,NA
12,NY,FX,Turtle,12,11,ROPS,MN,41.41917,74.02826,6/5/15,0,4.14,44.9,NA,NA,NA,NA,,0,1,10/19/16,502,44.34,279.4,22.16,NA,NA,NA,,0,1,37.26,479.09,0.59845,637.6,-32.1,6/1/17,727,48.85,310,NA,275,252,100,,0,0,NA,NA,NA,NA,NA,10/3/17,851,78.05,465,NA,300,305,100,has 1 seed pod,0,1,30.59370202,461.4970233,0.51182,399.3,-29,4/20/18,1050,83.19,466,NA,240,218,87.5,has 1 seed pod,0,0,8/21/18,1173,28,464.92,0.45172,234.2,-29.22,,9/13/18,1196,101.755,580,NA,360,370,62.5,"stem not circular, 109.61 diameter in one direction, 93.9 in the other",0,1,30.6,480.03,0.44159,206.4,-28.9,15.3,462.73,0.46678,275.6,-29.23,NA,10/4/19,1582,127.5042823,617,59.11,55.32,52.64,398,425,100,foliar chemistry values are averages of duplicate runs of the same sample,0,1,29.40011134,488.1113859,0.392004941,70.44109154,-29.69149847,10/11/19,,8704.643268,2986.644178,3640.940625,13451.70776,390,4374.668828,3869.339951,29173.93583,11281.28,53.872,5,2,1,,40455.21583,0.000596296,1.0626692,1.491669776,6.886200182,7.982759201,16.20929127,29.07929844,8.77E-05,0.294509141,0.410341432,2.041602623,2.539871347,5.062497485,10.96016564,0.000560493,1.269050234,1.80079214,8.730047055,10.16816022,21.11988146,38.60371593
13,NY,FX,Turtle,13,14,BENI,LN,41.4192,74.02837,8/13/15,0,9.82,30,NA,NA,NA,NA,post-chomp baseline; was 11.05 mm diam and 79.1 cm height on 6/5/2015,0,1,10/19/16,433,12.7,45.72,NA,NA,NA,NA,Small but has green foliage,0.5,1,25.38,484.14,1.10985,2052.6,-30.1,6/1/17,658,7,51,NA,22,18,100,Small but has green foliage,0.5,0,NA,NA,NA,NA,NA,10/3/17,782,10.95,74,NA,32,37,100,main stem died; just a small offshoot living; previously small,0.5,1,14.84215927,440.0241744,1.26669,2489.6,-30.3,4/20/18,981,12.3,72,NA,26,18,87.5,main stem died; just a small offshoot living; previously small,0.5,0,8/21/18,1104,23.7,461.01,0.53598,465.7,-29.77,,9/13/18,1127,19.4,95,NA,85,65,87.5,notes from last time: main stem died; just a small offshoot living; previously small,0,1,24.2,463.32,0.51496,407.9,-30.04,NA,NA,NA,NA,NA,438.4,10/4/19,1582,27.84,108,NA,NA,NA,61,57,100,,0,1,17.444082,479.005499,0.48521,326.2,-31.64,10/11/19,No secondary stems; all main or twigs and leaves,52.53933014,58.26659091,19.62261364,0,0,0,0,130.4285347,77.99,NA,3,1,0.3,,208.4185347,0.001760429,0.006375531,0.00269462,0.012309168,0.014271274,0.051790361,0.118431061,0.001750692,0.004592044,0.002463602,0.007719443,0.008638805,0.023764331,0.046270844,0.005087277,0.01434843,0.006963745,0.02420452,0.027611764,0.083881357,0.175681161
14,NY,FX,Turtle,14,13,ROPS,LN,41.41917,74.02839,8/13/15,0,4.56,35,NA,NA,NA,NA,post-chomp baseline; was 4.69 mm diam and 42.8 cm height on 6/5/2015,0,1,10/19/16,433,29.52,233.68,12.68,NA,NA,NA,,0,1,34.39,508.98,0.53358,459.1,-31.5,6/1/17,658,34.06,235,NA,177,165,100,,0,0,NA,NA,NA,NA,NA,10/3/17,782,54.65,355,NA,360,253,100,,0,1,30.91251511,456.5445791,0.42199,152.7,-27.4,4/20/18,981,58.44,344,NA,257,218,87.5,,0,0,8/21/18,1104,29.4,478.98,0.38943,63.4,-29.57,,9/13/18,1127,85.42,550,NA,340,340,62.5,,0,1,37.2,481,0.39483,78.2,-30.2,24.5,456.67,0.3817,42.2,-29.62,NA,10/4/19,1582,108.7774862,551,58.2,36.15,NA,357,365,100,,0,1,30.02491749,487.704942,0.37078,12.27,-29.69,10/11/19,,6830.325075,3699.910417,2497.966084,7815.015913,860,11210.88248,44932.49843,21703.21749,12072.66,17.968,5,2,1,,33775.87749,3.27E-05,0.131541505,0.202162141,1.494748535,1.738686504,10.61907099,21.70321749,0.000971516,0.250213963,0.382794734,1.560569212,1.904724102,5.885571072,12.07266,4.99E-05,0.203214783,0.312507765,2.317282972,2.696042074,16.50906389,33.77587749
15,NY,FX,Turtle,15,16,BENI,HN,41.41906,74.02845,8/13/15,0,4.67,23,NA,NA,NA,NA,post-chomp baseline; was 3.95 mm diam and 59.8 cm height on 6/5/2015,0,1,10/19/16,433,25.36,156.21,2.64,NA,NA,NA,,0,1,24.09068614,491.2985461,1.095162534,2011.802394,-31.27143174,6/1/17,658,28.38,173,NA,118,131,100,,0,0,NA,NA,NA,NA,NA,10/3/17,782,56.7,303,NA,170,158,100,bushy,0,1,20.06754121,452.7382803,0.91652,1516,-29,4/20/18,981,58.94,296,NA,156,152,87.5,,0,0,8/21/18,1104,21.7,498.81,0.73735,1020.5,-30.41,,9/13/18,1127,96.34,440,NA,270,290,37.5,"split at 10cm, 96.34 (base), 37.2 (stem2), 21.7 (stem2), 37.22 (stem3), 55.79 (stem4), 51.57 (stem5); spiders; previously listed as bushy",0.5,1,24.5,473.1,0.66764,828.2,-30.45,NA,NA,NA,NA,NA,541.64,10/4/19,1582,119.5330942,495,39.95,30.89,27.04,296,342,100,Not harvesting,0,1,26.65785865,507.3622473,0.4917,344.03,-28.7,NA,Not harvesting,NA,NA,NA,NA,NA,NA,NA,NA,NA,NA,5,2,0,,NA,0.000202668,0.159989574,0.228062713,1.640725761,1.671640481,6.167688683,9.839565438,0.000443181,0.070768728,0.095508333,0.546251988,0.555261714,1.91091059,3.024217033,0.000931959,0.227394203,0.31516301,2.114149028,2.160873812,8.327148015,13.80086169
16,NY,FX,Turtle,16,15,ROPS,HN,41.41904,74.02849,6/5/15,0,5.81,46,NA,NA,NA,NA,,0,1,10/19/16,502,44.89,307.34,22.07,NA,NA,NA,,0,1,33.16,499.4,0.93268,1560.8,-29.8,6/1/17,727,42.04,302,NA,203,195,100,,0,0,NA,NA,NA,NA,NA,10/3/17,851,75.85,515,NA,385,246,100,,0,1,31.27322676,454.7123655,0.67833,857.6,-27.5,4/20/18,1050,78.42,450,NA,242,208,87.5,,0,0,8/21/18,1173,37.8,488.09,0.49348,348.9,-30.45,,9/13/18,1196,113.86,650,NA,380,340,62.5,,0,1,27.4,472.27,0.47509,298.4,-27.06,16.7,470.59,0.5174,414.6,-27.92,NA,10/4/19,1582,120.8297811,604,73.03,47.88,NA,352,335,100,Not harvesting,0,0,23.35252264,471.7059021,0.44547,217.09,-25.85,NA,Not harvesting,NA,NA,NA,NA,NA,NA,NA,NA,NA,437.06,5,2,0,,NA,0.001592349,1.150428483,0.976936731,6.428346612,5.963557747,20.28006983,21.31846258,0.002326576,0.566209923,0.474705587,2.318263617,2.535429654,6.906312949,8.101891213,0.003128898,1.746537865,1.492680918,9.122922416,8.488236088,27.51375892,28.86599222
17,NY,FX,Turtle,17,18,BENI,HN,41.41893,74.02855,6/5/15,0,4.67,54.5,NA,NA,NA,NA,,0,1,10/19/16,502,12.37,77.47,NA,NA,NA,NA,,0,1,27.89,460.03,1.11737,2073.6,-31.4,6/1/17,727,16.13,90,NA,58,45,100,,0,0,NA,NA,NA,NA,NA,10/3/17,851,37.85,145,NA,115,105,95,,0,1,21.00316511,454.4889725,1.20318,2312.5,-28,4/20/18,1050,42.89,150,NA,114,92,87.5,,0,0,8/21/18,1173,35.8,479.7,0.65634,797,-30.34,,9/13/18,1196,79.44,255,NA,180,205,87.5,"split at base, 43.29 (stem1) + 36.15 (stem2)",0,1,25.3,477.78,0.62489,710.4,-30.77,NA,NA,NA,NA,NA,393.86,10/4/19,1582,62.84981941,233,15.39,NA,NA,136,149,100,"many stems at bh; no leaves on top but lots below; green height = 118 cm, length = 86 cm, width = 71 cm",0.5,0,34.50189565,463.3023921,0.54637,494.27,-32.58,10/11/19,,424.7574468,419.566037,76.76030041,354.168,0,0,0,1275.251784,542.05,NA,4,1.5,0.3,,1817.301784,0.001232363,0.01362626,0.028316475,0.265105189,0.342018943,2.048459608,1.25636901,0.001594914,0.009703011,0.017196324,0.10739918,0.133165901,0.65946286,0.423614889,0.003539933,0.026227302,0.049212141,0.369124166,0.469075772,2.682675411,1.642907301
18,NY,FX,Turtle,18,17,ROPS,HN,41.41887,74.02858,6/5/15,0,7.12,45.1,NA,NA,NA,NA,,0,1,10/19/16,502,39.34,266.7,18.11,NA,NA,NA,,0,1,32.59,505.98,0.86632,1377,-30.7,6/1/17,727,45.53,301,NA,266,190,100,,0,0,NA,NA,NA,NA,NA,10/3/17,851,78.35,455,NA,360,380,95,,0,1,35.92439466,465.7248426,0.63311,733,-28.5,4/20/18,1050,83.48,452,NA,258,295,87.5,,0,0,8/21/18,1173,33.4,467.3,0.43935,200.3,-29.29,,9/13/18,1196,122.91,690,NA,490,490,62.5,snapped,0.5,1,35.9,491,0.42145,151.2,-28.96,16.4,473.7,0.4551,243.5,-28.02,NA,10/4/19,1582,150.1731214,777,95.18,54.43,NA,538,542,100,a couple broken branches but healthy,0,1,33.38994894,482.4227994,0.3948,78.11,-29.28,10/11/19,,15589.34109,6816.248589,5719.569142,13277.83936,2100,4524.435093,5637.610476,43502.99818,13015.38,8.575,5,2,1,,56518.37818,0.002436317,0.736462267,1.15991161,6.024593653,6.875773441,25.62126722,45.34833663,0.004018067,0.397149132,0.588165004,2.529352315,2.999349633,8.482191171,14.53173452,0.004708135,1.137784926,1.760368365,8.57169035,9.732200737,34.44309489,59.61362807
19,NY,FX,Turtle,19,20,BENI,LN,41.41894,74.02869,6/5/15,0,5.11,52.3,NA,NA,NA,NA,dead,1,1,10/19/16,502,13.04,85.09,NA,NA,NA,NA,,0,1,17.26,487.01,0.61959,695.8,-32.6,6/1/17,727,18.81,85,NA,33,32,100,,0,0,NA,NA,NA,NA,NA,10/3/17,851,18,90,NA,50,46,100,,0,1,13.66141008,451.2676906,0.70804,939.6,-31.4,4/20/18,1050,18.58,88,NA,45,41,87.5,,0,0,8/21/18,1173,9.6,483.11,0.53671,467.7,-30.6,,9/13/18,1196,26.19,113,NA,55,65,87.5,,0,1,12.1,465.44,0.55193,509.6,-32.63,NA,NA,NA,NA,NA,NA,10/4/19,1582,28.74,125,NA,NA,NA,65,66,100,"has leaves, but lots of galls",0.5,1,16.45958776,478.009378,0.47754,305.13,-32.64,10/18/19,,35.03694268,122.4600689,14.74884041,18.17503937,0,0,0,190.4208913,66.39,NA,3,1,0.3,,256.8108913,0.001614493,0.021648139,0.04017644,0.041396813,0.041913995,0.115945966,0.160842322,0.001689276,0.011955655,0.019344097,0.019870433,0.020038654,0.045658308,0.059945021,0.004519526,0.039022304,0.067430344,0.068965478,0.069848595,0.171948576,0.231007688
20,NY,FX,Turtle,20,19,ROPS,LN,41.41896,74.02867,6/5/15,0,4,31.8,NA,NA,NA,NA,,0,1,10/19/16,502,20.89,200.66,12.92,NA,NA,NA,,0,1,31.57,512.03,0.44182,207.1,-30,6/1/17,727,24.17,209,NA,112,98,100,,0,0,NA,NA,NA,NA,NA,10/3/17,851,37.45,290,NA,171,167,100,,0,1,32.97382324,452.4838137,0.38405,48.6,-28.2,4/20/18,1050,40.3,261,NA,127,109,87.5,,0,0,8/21/18,1173,19.1,472.43,0.37357,19.9,-28.7,,9/13/18,1196,59.53,463,NA,285,250,87.5,,0,1,26.1,489.59,0.37117,13.3,-30.22,12.8,460.81,0.37265,17.4,-29.43,NA,10/4/19,1582,74.51238152,549,47.59,NA,NA,330,365,100,healthy,0,1,30.68269907,466.0460297,0.37901,34.82,-29.39,10/18/19,,3198.419316,1061.000444,1615.6968,1086.45122,120,NA,6956.388318,7081.56778,3921.46,24.271,4,1.5,1,,11003.02778,1.93E-05,0.037946642,0.061918808,0.364443721,0.387319894,2.843932709,7.08156778,0.000658143,0.089528376,0.138105565,0.507504323,0.631120389,2.01226681,3.92146,2.95E-05,0.058517957,0.095552997,0.563844875,0.599289964,4.412981669,11.00302778
21,NY,FX,Turtle,21,22,BENI,LN,41.41906,74.02861,6/5/15,0,8.88,59.5,NA,NA,NA,NA,chomped dead marked 8/13/2015,0.5,0,10/19/16,502,NA,NA,NA,NA,NA,NA,dead with wasp nest,1,0,NA,NA,NA,NA,NA,6/1/17,727,NA,NA,NA,NA,NA,100,dead,1,0,NA,NA,NA,NA,NA,10/3/17,851,NA,NA,NA,NA,NA,NA,dead,1,0,NA,NA,NA,NA,NA,4/20/18,1050,NA,NA,NA,NA,NA,NA,dead,1,0,8/21/18,1173,NA,NA,NA,NA,NA,,9/13/18,1196,NA,NA,NA,NA,NA,NA,dead,1,0,NA,NA,NA,NA,NA,NA,NA,NA,NA,NA,NA,10/4/19,1582,NA,NA,NA,NA,NA,NA,NA,100,gone,1,0,NA,NA,NA,NA,NA,NA,gone,NA,NA,NA,NA,NA,NA,NA,NA,NA,NA,NA,NA,0,,NA,0.005590268,NA,NA,NA,NA,NA,NA,0.004237227,NA,NA,NA,NA,NA,NA,0.012621501,NA,NA,NA,NA,NA,NA
22,NY,FX,Turtle,22,21,ROPS,LN,41.41913,74.02859,6/5/15,0,4.09,32.1,NA,NA,NA,NA,,0,1,10/19/16,502,19.49,147.32,3.42,NA,NA,NA,,0,1,33.49,520.33,0.41621,136.8,-30.7,6/1/17,727,23.38,158,NA,121,103,100,,0,0,NA,NA,NA,NA,NA,10/3/17,851,43.4,241,NA,165,156,100,,0,1,32.82409377,462.01032,0.3876,58.4,-26.9,4/20/18,1050,46.1,226,NA,114,112,87.5,,0,0,8/21/18,1173,23,490.52,0.38744,57.9,-28.13,,9/13/18,1196,60.39,350,NA,250,255,37.5,,0,1,24.1,480.84,0.37834,33,-28.12,NA,NA,NA,NA,NA,NA,10/4/19,1582,62.18,362,25.06,21.69,NA,154,164,100,Not harvesting,0,0,NA,NA,NA,NA,NA,NA,Not harvesting,NA,NA,NA,NA,NA,NA,NA,NA,NA,7.147,4,1.5,0,,NA,2.09E-05,0.01962183,0.037183269,0.428436413,0.465581689,1.964620498,2.250180496,0.000703139,0.0728484,0.125117117,0.786628761,0.941181427,2.099904309,2.290357281,3.19E-05,0.030230356,0.057339075,0.663004704,0.720573146,3.046915298,3.490469563
23,NY,FX,Turtle,23,24,BENI,PHN,41.41927,74.02848,6/5/15,0,9.08,69.1,NA,NA,NA,NA,,0,1,10/19/16,502,27.26,129.54,NA,NA,NA,NA,,0,1,25.55,500.75,0.86613,1376.4,-30.6,6/1/17,727,22.31,122,NA,90,85,100,,0,0,NA,NA,NA,NA,NA,10/3/17,851,70.2,205,NA,125,135,95,,0,1,21.94025488,460.0082697,0.94059,1582.7,-30.2,4/20/18,1050,70.99,207,NA,124,124,87.5,3 stems: 44.25 and 22.01 and 13.01,0,0,8/21/18,1173,29.5,479.15,0.54137,480.5,-28.91,,9/13/18,1196,107.2,360,NA,280,325,62.5,"split at base, 43.51 (stem1), 63.69 (stem2)",0,1,26.3,476.38,0.54861,500.4,-29.54,NA,NA,NA,NA,NA,NA,10/4/19,1582,141.9821607,440,43.35,31.53,21.36,350,305,100,two stems at base (see next line),0,1,26.75096551,494.5056782,0.44932,227.66,-27.71,10/18/19,,2377.095727,2891.668964,841.9307059,2510.622153,0,0,0,8621.31755,2877.73,NA,4,1.5,1,,11499.04755,0.006405732,0.129106608,0.084002186,1.212329944,1.251929231,5.30147527,10.48046731,0.005448228,0.058951798,0.041415679,0.40525461,0.417244758,1.633051112,3.185466913,0.01403105,0.192404752,0.129901236,1.61343803,1.665530159,7.26722563,15.09830223
24,NY,FX,Turtle,24,23,ROPS,PHN,41.41931,74.02849,6/5/15,0,3.64,32.2,NA,NA,NA,NA,bad shape,0.5,1,10/19/16,502,25.23,147.32,4.02,NA,NA,NA,was listed as bad shape in 6/5/2015 but seems fine now,0,1,39.17,479.15,1.09505,2011.5,-30.2,6/1/17,727,29.55,168,NA,105,85,100,was listed as bad shape in 6/5/2015 but has been fine since,0,0,NA,NA,NA,NA,NA,10/3/17,851,50,225,NA,155,140,100,was listed as bad shape in 6/5/2015 but has been fine since,0,1,34.59467286,474.1078836,0.68547,877.3,-28.3,4/20/18,1050,32.9,222,NA,115,118,87.5,was listed as bad shape in 6/5/2015 but has been fine since,0,0,8/21/18,1173,35,499.04,0.71705,964.5,-26.87,,9/13/18,1196,44.23,220,NA,125,120,62.5,weird dead leaves; was listed as bad shape in 6/5/2015 but has been fine since until this time,0.5,0,55.7,459.47,0.74757,1048.7,-24.02,NA,NA,NA,NA,NA,NA,10/4/19,1582,NA,NA,NA,NA,NA,NA,NA,100,gone,1,0,NA,NA,NA,NA,NA,NA,gone,NA,NA,NA,NA,NA,NA,NA,NA,NA,NA,NA,NA,0,,NA,0.004320779,0.534593877,0.79734036,2.649360755,1.239154688,2.085762421,NA,0.004066163,0.268227261,0.377592583,1.178288981,0.476362404,0.903702153,NA,0.009111388,0.841285655,1.224664195,3.783005068,1.852966509,3.021832901,NA
25,NY,FX,Turtle,25,26,BENI,MN,41.41942,74.02836,6/5/15,0,3.8,52.5,NA,NA,NA,NA,,0,1,10/19/16,502,26.7,194.31,7.05,NA,NA,NA,,0,1,16.88295118,488.651257,0.826662185,1267.245618,-30.53894614,6/1/17,727,24.1,200,NA,107,105,100,,0,0,NA,NA,NA,NA,NA,10/3/17,851,48.1,263,NA,130,125,100,lots of leaf galls,0.5,1,9.647208227,465.3195614,1.3646,2763,-29.7,4/20/18,1050,48.58,253,NA,128,104,87.5,lots of leaf galls,0.5,0,8/21/18,1173,15.97145385,491.7229111,0.65464,792.34,-29.71,,9/13/18,1196,74.33,350,NA,220,220,37.5,"78.59 (direction1), 70.07 (direction2); lots of leaf galls",0.5,1,16.9,494.6,0.58034,587.7,-32.12,NA,NA,NA,NA,NA,NA,10/4/19,1582,71.62454537,342,40.57,NA,NA,176,180,100,"no leaves on top, many down below; foliar chemistry values are averages of two duplicate runs from the same sample; green height = 254 cm, length = 123 cm, width = 152 cm",0.5,0,27.41655912,494.4544408,0.56385,542.35,-31.33,10/18/19,,1398.944563,294.7931025,134.1915333,97.89493333,0,0,0,1925.824133,511.16,NA,4,1.5,0.3,,2436.984133,0.000552213,0.178067548,0.16019746,0.719146649,0.684981689,2.124300794,1.944448336,0.001149896,0.104714685,0.095496002,0.356442926,0.340943397,0.966691349,0.889537068,0.001670233,0.234348871,0.210197748,0.903678689,0.863829495,2.698041307,2.46264917
26,NY,FX,Turtle,26,25,ROPS,MN,41.41946,74.0284,6/5/15,0,6.45,39.2,NA,NA,NA,NA,,0,1,10/19/16,502,26.6,220.98,10.79,NA,NA,NA,,0,1,35.32,461.89,0.95165,1613.3,-29.8,6/1/17,727,29.8,240,NA,155,125,100,,0,0,NA,NA,NA,NA,NA,10/3/17,851,44.45,365,NA,217,180,95,,0,1,34.14183455,469.6721866,0.54431,488.6,-29.3,4/20/18,1050,45.45,365,NA,118,146,87.5,,0,0,8/21/18,1173,38.1343735,487.1928534,0.46768,278.07,-29.51,,9/13/18,1196,45.78,350,NA,150,130,87.5,dead (new this time),1,0,NA,NA,NA,NA,NA,NA,NA,NA,NA,NA,NA,10/4/19,1582,38.24,189,18.82,NA,NA,37,18,100,no leaves/dead; no green height etc.,1,0,NA,NA,NA,NA,NA,NA,No leaves/dead,397.9859534,80.39423423,0,0,NA,NA,NA,478.3801876,239.09,0,3,1,0.1,,717.4701876,0.001402937,0.253925585,0.361382595,1.449035087,1.52438297,1.47737334,0.48588799,0.000400265,0.051197714,0.075539753,0.297018387,0.320528812,0.328567911,0.177421962,0.001355285,0.289670368,0.416933191,1.747700539,1.841561819,1.782983771,0.565909948
27,NY,FX,Turtle,27,28,BENI,HN,41.41952,74.02855,8/13/15,0,5.08,38,NA,NA,NA,NA,post-chomp baseline; was 4.86 mm diam and 56.5 cm height on 6/5/2015,0,1,10/19/16,433,22.94,115.57,NA,NA,NA,NA,,0,1,28.11053163,528.6019112,1.24307,2423.7,-29.3,6/1/17,658,25.52,137,NA,109,102,100,,0,0,NA,NA,NA,NA,NA,10/3/17,782,37,194,NA,156,155,100,,0,1,27.26852211,470.8686962,1.0855,1984.9,-26.9,4/20/18,981,64.1,190,NA,128,142,87.5,2 stems: 31.19 and 17.2,0,0,8/21/18,1104,16.50373759,494.8868004,0.66832,830.05,-27.63,,9/13/18,1127,67.93,238,NA,220,190,37.5,"47.29 (stem1), 20.64 (stem2); spiders",0.5,1,17.4,487.38,0.66566,822.7,-28.45,NA,NA,NA,NA,NA,415.18,10/4/19,1582,53.31095572,272,14.9,14.3,13.42,165,175,100,,0,0,26.96202841,509.0594446,0.4997,366.01,-28.45,10/18/19,,491.6442348,559.3563201,218.5487135,263.6144655,0,0,0,1533.163734,583.29,NA,4,1.5,1,,2116.453734,0.00067718,0.079914112,0.128277745,0.417751764,0.937742031,1.458953266,1.261027257,0.001043323,0.039645643,0.058728305,0.160576017,0.321160295,0.484329018,0.429085851,0.002298508,0.122777156,0.187374607,0.559744788,1.234120009,1.90733213,1.631335816
28,NY,FX,Turtle,28,27,ROPS,HN,41.41956,74.02861,6/5/15,0,2.94,28.7,NA,NA,NA,NA,,0,1,10/19/16,502,25.3,236.22,11.09,NA,NA,NA,,0,1,35.29021009,501.7602234,0.99182,1724.8,-31.2,6/1/17,727,27.62,255,NA,143,135,100,,0,0,NA,NA,NA,NA,NA,10/3/17,851,47.9,295,NA,233,220,95,,0,1,27.34760622,469.2074031,0.74697,1047,-30.6,4/20/18,1050,51.64,272,NA,135,172,87.5,,0,0,8/21/18,1173,26.89749212,485.0003927,0.5225,428.64,-29.55,,9/13/18,1196,72.61,427,NA,310,330,37.5,,0,1,28.7,484.85,0.51549,409.4,-29.07,21.4,465.81,0.62289,704.9,-28.89,NA,10/4/19,1582,75.16400202,421,32.39,NA,NA,164,185,100,no leaves; many stems at bh; no green height etc.,0.5,0,NA,NA,NA,NA,NA,10/18/19,No leaves,1939.427799,1104.959371,0,227.5017677,1670,1513.047138,44736.30837,4941.888938,826.36,0,4,1.5,0.1,,5768.248938,0.000212073,0.244202335,0.322133297,1.268414441,1.36864385,4.75298795,5.049134965,0.000373021,0.121271589,0.153516146,0.674096008,0.825019798,2.061644149,2.262348612,0.000450972,0.393955158,0.514065784,1.918305964,2.063729444,6.825592911,7.233723819
29,NY,FX,Turtle,29,30,BENI,MN,41.41935,74.02864,8/13/15,0,5.2,32,NA,NA,NA,NA,post-chomp baseline; was 3.90 mm diam and 55.6 cm height on 6/5/2015,0,1,10/19/16,433,23.33,127,NA,NA,NA,NA,,0,1,21.21916515,486.1697897,0.79965,1192.6,-30.8,6/1/17,658,26.11,126,NA,122,95,100,,0,0,NA,NA,NA,NA,NA,10/3/17,782,61.7,198,NA,208,185,100,,0,1,19.79405719,471.9991205,0.81647,1239.1,-28.7,4/20/18,981,61.79,197,NA,158,155,87.5,2 stems: 44.3 and 18.42,0,0,8/21/18,1104,23.81260922,491.5791159,0.56088,534.18,-29.89,,9/13/18,1127,98.96,310,NA,320,340,62.5,"63.97 (stem1), 34.99 (stem2)",0,1,17,384.19,0.56084,534.1,-30.32,NA,NA,NA,NA,NA,500.08,10/4/19,1582,146.92,383,35.61,33.79,NA,324,282,100,"healthy. Diameter initially entered as if there were two measurements of the same stem, but changed because there were two separate stems (see note on NY_FX_Size_Data_2019_10_04.xlsx)",0,1,23.89580176,502.9031294,0.47281,292.15,-28.95,10/18/19,,1656.248017,2514.632288,881.4525434,1339.366997,0,0,0,6391.699846,2302.68,NA,4,1.5,1,,8694.379846,0.000346981,0.06803959,0.08047701,0.66138818,0.65756269,2.657426952,6.330479235,0.000833669,0.046627415,0.05345265,0.324692315,0.322880644,1.177151443,2.712041285,0.001242057,0.0991767,0.115960437,0.845702091,0.840937254,3.432687634,8.603769464
30,NY,FX,Turtle,30,29,ROPS,MN,41.4193,74.02866,6/5/15,0,5.31,33.6,NA,NA,NA,NA,,0,1,10/19/16,502,34.51,271.78,12.91,NA,NA,NA,,0,1,38.2214118,520.9771466,0.70194,922.8,-31.3,6/1/17,727,43.19,270,NA,154,143,100,,0,0,NA,NA,NA,NA,NA,10/3/17,851,75.4,375,NA,180,195,100,,0,1,26.14067774,465.6660592,0.60422,653.5,-29.8,4/20/18,1050,77.31,340,NA,158,149,87.5,,0,0,8/21/18,1173,23.88283903,485.9772424,0.45876,253.58,-29.78,,9/13/18,1196,86.84,450,NA,310,270,37.5,"split at 15cm, 86.84 (base), 65.85 (stem1), 38.73 (stem2)",0,1,32.3,481.59,0.47205,290.1,-29.35,NA,NA,NA,NA,NA,NA,10/4/19,1582,95.31268016,433,33.18,28.74,NA,195,212,100,"no leaves, so no green height etc.",0.5,0,NA,NA,NA,NA,NA,10/18/19,No leaves,2030.28857,1557.525778,0,1655.158345,450,NA,10236.77804,5692.972694,1371.97,55.223,4,1.5,0.1,,7064.942694,0.00075564,0.58170135,0.962636683,4.981586425,4.716764895,8.459755626,10.00981761,0.000205652,0.12484949,0.269166921,1.813864698,1.976082423,2.942158416,4.046727705,0.00071567,0.681414067,1.145961288,6.250395809,5.907794103,10.79576136,12.84276435
31,NY,FX,Turtle,31,32,BENI,PHN,41.4192,74.02869,6/5/15,0,2.91,37.7,NA,NA,NA,NA,,0,1,10/19/16,502,12.22,77.47,NA,NA,NA,NA,,0,1,25.83479685,482.7453353,1.30394,2593.5,-28.4,6/1/17,727,13.34,88,NA,70,64,100,,0,0,NA,NA,NA,NA,NA,10/3/17,851,21.2,123,NA,100,73,100,,0,1,15.95848702,453.8121411,1.05091,1888.8,-29.1,4/20/18,1050,23.55,116,NA,82,74,87.5,,0,0,8/21/18,1173,19.49020769,486.0541417,0.65673,798.11,-30.61,,9/13/18,1196,39.9,197,NA,170,165,62.5,vines growing over tree,0,1,19.7,466.46,0.67834,857.7,-30.1,NA,NA,NA,NA,NA,447.63,10/4/19,1582,41.77983964,197,NA,NA,NA,141,146,100,"very few leaves, none at top; green height = 111 cm, length = 64 cm, width = 68 cm",0.5,0,29.58976189,466.4085507,0.55681,523,-31.5,10/18/19,,237.6947945,261.0216993,3.815006641,66.20076152,0,0,0,568.732262,123.16,NA,3,1,0.3,,691.892262,0.000236943,0.013327311,0.019693805,0.078469128,0.083855529,0.480475463,0.515497692,0.000494846,0.009548273,0.012949948,0.039194285,0.04126747,0.18144929,0.192797217,0.001000051,0.02612452,0.036282675,0.12187362,0.130289058,0.651028624,0.697491551
32,NY,FX,Turtle,32,31,ROPS,PHN,41.41915,74.02872,6/5/15,0,3.28,29.9,NA,NA,NA,NA,,0,1,10/19/16,502,28.07,266.7,17.74,NA,NA,NA,,0,1,32.12334532,493.0357198,1.23469,2400.3,-32.8,6/1/17,727,47.93,280,NA,171,149,100,,0,0,NA,NA,NA,NA,NA,10/3/17,851,72.8,390,NA,275,282,95,,0,1,43.18460297,450.9953009,0.54112,479.8,-28.9,4/20/18,1050,82.1,400,NA,235,228,87.5,,0,0,8/21/18,1173,25.67442364,479.9224465,0.46943,282.85189,-30.03193,,9/13/18,1196,95.42,500,NA,330,340,37.5,,0,1,27.3,488.68,0.47499,298.1,-29.71,NA,NA,NA,NA,NA,NA,10/4/19,1582,100.2313244,465,58.22,NA,NA,214,190,100,"no leaves, so no green height etc.",0.5,0,NA,NA,NA,NA,NA,10/18/19,No leaves,3171.519969,1736.834143,0,2130.798982,1650,NA,10558.26227,8689.153095,1155.37,9.892,5,2,0.1,,9844.523095,0.003357309,1.099245066,2.986648406,8.4745323,10.74571294,17.15909172,17.55944025,0.003245813,0.337861839,1.075275454,2.656395855,3.445610679,4.770360472,5.306128311,0.007189015,1.65575892,4.233686175,11.2755506,14.09267509,21.87287558,22.35186818
33,NY,FX,Turtle,33,34,BENI,LN,41.41905,74.02879,6/5/15,0,4.69,57.9,NA,NA,NA,NA,,0,1,10/19/16,502,28.42,165.1,3.64,NA,NA,NA,,0,1,14.21,514.86,0.5,374.53,-32.17,6/1/17,727,29.5,165,NA,117,93,100,,0,0,NA,NA,NA,NA,NA,10/3/17,851,58.35,246,NA,160,167,100,a few leaf galls,0.5,1,13.15064088,446.845771,0.50673,385.3,-31.3,4/20/18,1050,52.33,238,NA,135,152,87.5,a few leaf galls,0.5,0,8/21/18,1173,10.5213692,475.4188652,0.48741,332.23,-30.73,,9/13/18,1196,67.36,330,NA,245,280,62.5,a few leaf galls last time,0,1,15.2,484.83,0.48012,312.2,-29.9,NA,NA,NA,NA,NA,337.45,10/4/19,1582,76.31,353,43.06,21.13,NA,207,235,100,healthy; not harvesting,0,1,22.4280107,491.7489273,0.42621,164.23,-31.2,NA,Not harvesting,NA,NA,NA,NA,NA,NA,NA,NA,NA,NA,4,1.5,0,,NA,0.001713213,0.256168933,0.271260988,1.490451231,1.201928649,2.924101402,3.876849286,0.001754671,0.089272049,0.093684682,0.416350943,0.343426053,0.778052403,1.013524685,0.004652191,0.349361779,0.369082261,1.901096982,1.534547814,3.713160459,4.967493678
34,NY,FX,Turtle,34,33,ROPS,LN,41.41901,74.0288,6/5/15,0,3.97,32.8,NA,NA,NA,NA,,0,1,10/19/16,502,33.37,248.92,15.85,NA,NA,NA,,0,1,31.97,479.12,0.40409,103.6,-31.7,6/1/17,727,37.34,263,NA,175,147,100,,0,0,NA,NA,NA,NA,NA,10/3/17,851,74.45,430,NA,360,295,100,,0,1,33.15524739,461.811574,0.38303,45.8,-29.2,4/20/18,1050,76.62,419,NA,258,224,87.5,,0,0,8/21/18,1173,25.74498291,480.3682808,0.37436,22.07,-28.2,,9/13/18,1196,103.58,580,NA,340,340,62.5,,0,1,24,481.55,0.37174,14.9,-29.28,NA,NA,NA,NA,NA,NA,10/4/19,1582,90.76412617,532,44.58,40,NA,208,246,100,no leaves; not harvesting; no green height etc.,0.5,0,NA,NA,NA,NA,NA,NA,Not harvesting,NA,NA,NA,NA,NA,NA,NA,NA,NA,2.065,4,1.5,0,,NA,1.98E-05,0.207170452,0.312858676,4.929055696,5.163508492,20.26261729,12.09043867,0.000643581,0.360203736,0.503086662,3.911710395,4.260410993,10.43772563,7.048854456,3.02E-05,0.320261024,0.483929408,7.654558265,8.019186905,31.53081154,18.80005221
35,NY,FX,Turtle,35,36,BENI,PHN,41.4193,74.02884,6/5/15,0,3.99,58,NA,NA,NA,NA,,0,0,10/19/16,502,NA,NA,NA,NA,NA,NA,Not fertilized in 2016,0,0,NA,NA,NA,NA,NA,6/1/17,727,NA,NA,NA,NA,NA,100,Not fertilized in 2016; Robinia dead,0,0,NA,NA,NA,NA,NA,10/3/17,851,NA,NA,NA,NA,NA,NA,Not fertilized in 2016; Robinia dead,0,0,12.05968432,467.906481,0.4248,160.4,-30.6,4/20/18,1050,36.54,135,NA,128,118,87.5,Not fertilized; Not fertilized in 2016; Robinia dead,0,0,8/21/18,1173,25.30341555,492.0786785,0.41668,138.11,-31.21,,9/13/18,1196,48.06,270,NA,150,120,62.5,Not fertilized in 2016 or since; Robinia dead,0,0,17.9,481.85,0.40557,107.6,-31.13,NA,NA,NA,NA,NA,NA,10/4/19,1582,51.1266144,277,16.61,NA,NA,102,93,100,healthy,0,0,14.14805779,476.8395545,0.39883,89.16,-31.67,10/18/19,,570.7401334,353.6403887,206.8746183,98.70241692,0,0,0,1229.957557,546.39,NA,4,1.5,1,,1776.347557,0.0010614,NA,NA,NA,0.221898114,1.0689337,1.220050137,0.001421697,NA,NA,NA,0.092209773,0.370209794,0.417201225,0.003123935,NA,NA,NA,0.318043193,1.400818154,1.598832303
36,NY,FX,Turtle,36,35,ROPS,PHN,41.41935,74.0288,6/5/15,0,4.04,31.1,NA,NA,NA,NA,dead,1,0,10/19/16,502,NA,NA,NA,NA,NA,NA,dead,1,0,NA,NA,NA,NA,NA,6/1/17,727,NA,NA,NA,NA,NA,100,dead,1,0,NA,NA,NA,NA,NA,10/3/17,851,NA,NA,NA,NA,NA,NA,dead,1,0,NA,NA,NA,NA,NA,4/20/18,1050,NA,NA,NA,NA,NA,NA,dead,1,0,8/21/18,1173,NA,NA,NA,NA,NA,,9/13/18,1196,NA,NA,NA,NA,NA,NA,dead,1,0,NA,NA,NA,NA,NA,NA,NA,NA,NA,NA,NA,10/4/19,1582,NA,NA,NA,NA,NA,NA,NA,100,gone,1,0,NA,NA,NA,NA,NA,NA,gone,NA,NA,NA,NA,NA,NA,NA,NA,NA,NA,NA,NA,0,,NA,0.005046437,NA,NA,NA,NA,NA,NA,0.005095179,NA,NA,NA,NA,NA,NA,0.010541728,NA,NA,NA,NA,NA,NA
37,NY,FX,Turtle,37,38,BENI,LN,41.41944,74.02871,6/5/15,0,4,58.8,NA,NA,NA,NA,,0,1,10/19/16,502,23.85,135.89,1.86,NA,NA,NA,,0,1,11.92,471.8,0.51323,403.2,-31,6/1/17,727,27.64,150,NA,112,105,100,,0,0,NA,NA,NA,NA,NA,10/3/17,851,51.15,235,NA,147,165,100,,0,1,17.10232663,462.9542268,0.526,438.3,-26.9,4/20/18,1050,39.1,227,NA,124,131,87.5,,0,0,8/21/18,1173,18.78394016,468.1839678,0.59125,617.75,-30.5,,9/13/18,1196,62.725,300,NA,240,225,62.5,"split at base, 75 (dir1), 50.45 (dir2)",0,1,23.2,466.65,0.50847,390.1,-29.82,NA,NA,NA,NA,NA,526.59,10/4/19,1582,67.78678927,373,28.06,18.89,NA,205,245,100,healthy; not harvesting,0,1,19.51136667,488.8881233,0.47696,303.54,-28.99,NA,Not harvesting,NA,NA,NA,NA,NA,NA,NA,NA,NA,NA,4,1.5,0,,NA,0.001335962,0.137934467,0.207500606,1.138075018,0.718976814,2.2715033,3.574950608,0.001455696,0.053072975,0.074637373,0.327042235,0.218043709,0.614849205,0.94099088,0.003754313,0.198819596,0.288893499,1.454206734,0.921842048,2.879712435,4.530452216
38,NY,FX,Turtle,38,37,ROPS,LN,41.41949,74.0287,6/5/15,0,9.49,55,NA,NA,NA,NA,,0,1,10/19/16,502,30.72,213.36,12.68,NA,NA,NA,,0,1,34.96,524.94,0.4586,253.1,-30.8,6/1/17,727,35.48,230,NA,210,135,100,,0,0,NA,NA,NA,NA,NA,10/3/17,851,67.5,368,NA,283,234,100,lots of dead small branch ends,0.5,1,37.04816704,456.1432159,0.37875,34.1,-28.4,4/20/18,1050,67.9,360,NA,182,209,87.5,lots of dead small branch ends,0.5,0,8/21/18,1173,19.27050576,469.7808494,0.37903,34.87,-29.29,,9/13/18,1196,90.125,463,NA,360,340,87.5,"split at 15cm, 90.54 (base; dir1), 89.71 (base; dir2), 55.04 (stem1), 54.51 (stem2); lots of dead small branch ends",0.5,1,34.3,482.66,0.39504,78.8,-29.72,20.7,453.42,0.37256,17.1,-28.61,NA,10/4/19,1582,95.5102115,435,31.04,29.43,NA,212,213,100,no leaves; multiple stems at bh; not harvesting; no green height etc.,0.5,0,NA,NA,NA,NA,NA,NA,Not harvesting,NA,NA,NA,NA,NA,NA,NA,NA,NA,10.775,4,1.5,0,,NA,0.000551638,0.129373908,0.220903055,2.936091792,2.892468838,9.650103535,10.44429339,0.008580023,0.28167229,0.432203992,2.923272868,2.975061099,6.902352959,8.201791583,0.000845526,0.199861345,0.341521536,4.55619561,4.488405324,15.00058226,16.23695618
39,NY,FX,Turtle,39,40,BENI,HN,41.41943,74.02922,6/5/15,0,3.98,50.6,NA,NA,NA,NA,,0,0,10/19/16,502,NA,NA,NA,NA,NA,NA,,1,0,NA,NA,NA,NA,NA,6/1/17,727,NA,NA,NA,NA,NA,100,dead,1,0,NA,NA,NA,NA,NA,10/3/17,851,NA,NA,NA,NA,NA,NA,dead,1,0,NA,NA,NA,NA,NA,4/20/18,1050,NA,NA,NA,NA,NA,NA,dead,1,0,8/21/18,1173,NA,NA,NA,NA,NA,,9/13/18,1196,NA,NA,NA,NA,NA,NA,dead,1,0,NA,NA,NA,NA,NA,NA,NA,NA,NA,NA,NA,10/4/19,1582,NA,NA,NA,NA,NA,NA,NA,100,gone,1,0,NA,NA,NA,NA,NA,NA,gone,NA,NA,NA,NA,NA,NA,NA,NA,NA,NA,NA,NA,0,,NA,0.000791818,NA,NA,NA,NA,NA,NA,0.001157124,NA,NA,NA,NA,NA,NA,0.002483941,NA,NA,NA,NA,NA,NA
40,NY,FX,Turtle,40,39,ROPS,HN,41.41944,74.02915,6/5/15,0,7.07,35.7,NA,NA,NA,NA,listed as dead on 8/13/2015 but fine on 10/19/2016,0.5,0,10/19/16,502,29.95,200.66,6.05,NA,NA,NA,,0,0,34.03,495.94,0.7627,1090.5,-31.5,6/1/17,727,29.95,183,NA,105,103,100,"Little living foliage/questionable, discussed as scraggly but going to continue fertilizing as of 6/12/17; was fine previously",0.5,0,NA,NA,NA,NA,NA,10/3/17,851,NA,NA,NA,NA,NA,NA,"Dead; Previously, Little living foliage/questionable, discussed as scraggly but going to continue fertilizing as of 6/12/17; was fine previously",1,0,29.69085091,475.5820858,0.6279,718.7,-26.7,4/20/18,1050,38.95,194,NA,118,99,87.5,"Fine, but marked dead last time; Previously, Little living foliage/questionable, discussed as scraggly but going to continue fertilizing as of 6/12/17; was fine previously",0.5,0,8/21/18,1173,NA,NA,NA,NA,NA,,9/13/18,1196,35,187,NA,75,90,87.5,"Dead last time and this time; Previously, Little living foliage/questionable, discussed as scraggly but going to continue fertilizing as of 6/12/17; was fine previously",1,0,NA,NA,NA,NA,NA,NA,NA,NA,NA,NA,NA,10/4/19,1582,NA,NA,NA,NA,NA,NA,NA,100,gone,1,0,NA,NA,NA,NA,NA,NA,gone,NA,NA,NA,NA,NA,NA,NA,NA,NA,NA,NA,NA,0,,NA,0.001855355,0.295771322,0.267286596,NA,0.507814022,0.385539041,NA,0.003942688,0.19084256,0.19084256,NA,0.386657032,0.290087349,NA,0.003623918,0.473578807,0.42967182,NA,0.796051724,0.61093275,NA
41,NY,FX,Turtle,41,42,BENI,MN,41.41938,74.02952,6/5/15,0,2.85,58.5,NA,NA,NA,NA,,0,0,10/19/16,502,NA,NA,NA,NA,NA,NA,,1,0,NA,NA,NA,NA,NA,6/1/17,727,NA,NA,NA,NA,NA,100,,1,0,NA,NA,NA,NA,NA,10/3/17,851,NA,NA,NA,NA,NA,NA,,1,0,NA,NA,NA,NA,NA,4/20/18,1050,NA,NA,NA,NA,NA,NA,dead,1,0,8/21/18,1173,NA,NA,NA,NA,NA,,9/13/18,1196,NA,NA,NA,NA,NA,NA,dead,1,0,NA,NA,NA,NA,NA,NA,NA,NA,NA,NA,NA,10/4/19,1582,NA,NA,NA,NA,NA,NA,NA,100,gone,1,0,NA,NA,NA,NA,NA,NA,gone,NA,NA,NA,NA,NA,NA,NA,NA,NA,NA,NA,NA,0,,NA,0.000418429,NA,NA,NA,NA,NA,NA,0.000924254,NA,NA,NA,NA,NA,NA,0.001283499,NA,NA,NA,NA,NA,NA
42,NY,FX,Turtle,42,41,ROPS,MN,41.41942,74.02952,6/5/15,0,5.18,36.4,NA,NA,NA,NA,,0,0,10/19/16,502,25.04,182.88,6.52,NA,NA,NA,,0,0,30.79,493.53,0.64281,759.8,-32.2,6/1/17,727,27.1,176,NA,84,79,100,little foliage/questionable,0.5,0,NA,NA,NA,NA,NA,10/3/17,851,NA,NA,NA,NA,NA,NA,Dead; previously little foliage/questionable,1,0,NA,NA,NA,NA,NA,4/20/18,1050,22.53,152,NA,103,82,87.5,Previously marked dead; previously little foliage/questionable,0.5,0,8/21/18,1173,NA,NA,NA,NA,NA,,9/13/18,1196,NA,NA,NA,NA,NA,NA,Dead last time and this time; previously little foliage/questionable,1,0,NA,NA,NA,NA,NA,NA,NA,NA,NA,NA,NA,10/4/19,1582,NA,NA,NA,NA,NA,NA,NA,100,gone,1,0,NA,NA,NA,NA,NA,NA,gone,NA,NA,NA,NA,NA,NA,NA,NA,NA,NA,NA,NA,0,,NA,0.00078233,0.178348891,0.204423205,NA,0.11356397,NA,NA,0.000188919,0.041627283,0.054568652,NA,0.028993821,NA,NA,0.000741771,0.201168877,0.231587883,NA,0.126258743,NA,NA
43,NY,FX,Turtle,43,44,BENI,LN,41.41889,74.01097,6/9/15,0,5,55.9,NA,NA,NA,NA,,0,1,10/19/16,498,7.59,60.96,NA,NA,NA,NA,,0,1,21.55,498.15,0.63552,739.7,-29.6,6/1/17,723,8.31,66,NA,54,12,100,,0,0,NA,NA,NA,NA,NA,10/3/17,847,12.3,93,NA,53,34,65,,0,1,19.11480001,455.998474,0.83018,1277,-31.8,4/20/18,1046,12.06,89,NA,37,45,62.5,,0,0,8/21/18,1169,20.87975968,471.9541861,0.58447,599.10185,-30.7587,,9/13/18,1192,14.85,106,NA,105,55,12.5,,0,1,23,431.92,0.57034,560.2,-32.44,NA,NA,NA,NA,NA,NA,10/4/19,1582,16.14,110,NA,NA,NA,52,40,100,"scraggly; green height = 105 cm, length = 41 cm, width = 25 cm",0.5,1,29.69173338,442.3908255,0.46218,262.97,-32.38,10/18/19,,25.35811321,21.65649635,0.974890511,0,0,0,0,47.98950007,27.89,NA,3,1,0.3,,75.87950007,0.001783347,0.004448876,0.006105867,0.023221925,0.020661662,0.040643292,0.049936883,0.001812014,0.003571756,0.004528503,0.012631205,0.011529936,0.019661044,0.023182246,0.004849131,0.010358998,0.013415998,0.041024159,0.037212527,0.066598131,0.079894958
44,NY,FX,Turtle,44,43,ROPS,LN,41.41893,74.011,6/9/15,0,4.6,41.6,NA,NA,NA,NA,,0,1,10/19/16,498,20.8,162.56,5.19,NA,NA,NA,,0,1,32.5,500.69,0.41377,130.1,-29.9,6/1/17,723,23.57,82,NA,119,101,100,,0,0,NA,NA,NA,NA,NA,10/3/17,847,31.9,238,NA,220,202,50,,0,1,36.77332376,445.9445989,0.41809,142,-27.9,4/20/18,1046,32.53,234,NA,175,125,87.5,,0,0,8/21/18,1169,36.54352054,481.5711215,0.38864,61.21,-29.96,,9/13/18,1192,33.52,200,NA,115,80,87.5,"dead with some live parts; live parts are 117 cm height, 110 cm length, 30 cm width",0.5,0,36.2,474.86,0.38544,52.5,-31.06,NA,NA,NA,NA,NA,NA,10/4/19,1582,33.34,133,13.39,NA,NA,110,84,100,very little foliage; green height = 114 cm,0.5,0,31.05092596,461.8509902,0.38015,37.95,-32.19,10/18/19,Few leaves,216.1695489,76.03138112,0.761433566,15.36,NA,NA,184.5401434,308.3223636,196.66,12.446,3,1,0.1,,504.9823636,4.33E-05,0.027475458,0.014491752,0.169819625,0.175455405,0.15208435,0.082074189,0.000997065,0.088386842,0.128163408,0.315062417,0.333918265,0.365037407,0.359242127,6.61E-05,0.042350547,0.022316973,0.262445991,0.271168486,0.234999901,0.126708102
45,NY,FX,Turtle,45,46,BENI,LN,41.41887,74.0113,6/9/15,0,5.65,52.7,NA,NA,NA,NA,,0,1,10/19/16,498,9.53,88.9,NA,NA,NA,NA,,0,1,16.17208355,477.0144095,0.732554996,1007.237769,-33.05870666,6/1/17,723,31.04,230,NA,230,205,100,,0,0,NA,NA,NA,NA,NA,10/3/17,847,11.5,99,NA,58,52,30,,0,1,14.47896434,445.383409,0.65473,792.6,-31.9,4/20/18,1046,13.73,93,NA,44,38,87.5,,0,0,8/21/18,1169,15.33237567,482.0250553,0.69808,912.11,-32.51,,9/13/18,1192,18.27,118,NA,135,137,37.5,,0,1,12.3,467.44,0.70053,918.9,-32.59,NA,NA,NA,NA,NA,NA,10/4/19,1582,20.75,65,NA,NA,NA,38,54,100,"no leaves, broken and leaning; no green height etc.",0.5,0,NA,NA,NA,NA,NA,10/10/19,"No leaves or twigs or secondary, just a lonely, decrepit main stem",49.83705521,0,0,0,0,0,0,49.83705521,42.82,NA,3,1,0.1,,92.65705521,0.001962772,0.013867236,0.520117134,0.02338658,0.027921253,0.069579857,0.029274874,0.001950291,0.008440415,0.164022596,0.012684217,0.014601055,0.030293601,0.014783592,0.005315445,0.026110663,0.665817409,0.040860922,0.048368625,0.107225447,0.051577333
46,NY,FX,Turtle,46,45,ROPS,LN,41.41889,74.01126,6/9/15,0,4.17,50.5,NA,NA,NA,NA,,0,1,10/19/16,498,14.43,190.5,7.54,NA,NA,NA,,0,1,27.49,508.41,0.41878,143.9,-31.3,6/1/17,723,22.49,149,NA,93,82,100,,0,0,NA,NA,NA,NA,NA,10/3/17,847,26.8,335,NA,191,140,80,major deer damage,0.5,1,34.847694,456.8642542,0.37988,37.2,-29.5,4/20/18,1046,29.41,311,NA,125,130,87.5,major deer damage,0.5,0,8/21/18,1169,48.97958258,480.8380903,0.38128,41.04,-29.79,,9/13/18,1192,30.15,310,NA,130,105,87.5,"dead with some live parts; major deer damage; live parts are 74 cm height, 152 cm length, 55 cm width",0.5,0,37.2,477.44,0.38393,48.3,-32.2,NA,NA,NA,NA,NA,NA,10/4/19,1582,25.5,169,NA,NA,NA,21,16,100,"no leaves, broken and leaning; no green height etc.",0.5,0,NA,NA,NA,NA,NA,10/10/19,"No leaves or twigs or secondary, just a lonely, decrepit main stem",223.0492053,0,0,0,0,0,0,223.0492053,140.89,NA,NA,1,0.1,,363.9392053,4.31E-05,0.011819087,0.030420922,0.168189426,0.1982195,0.212266164,0.053022142,0.000744809,0.029813954,0.11148618,0.187731079,0.247452995,0.266421331,0.161939879,6.59E-05,0.018195793,0.046897541,0.25992301,0.306404441,0.328149863,0.08180542
47,NY,FX,Ski,47,48,BENI,MN,41.41897,74.01117,6/9/15,0,3.02,47.1,NA,NA,NA,NA,,0,1,10/19/16,498,19.95,140.97,1.35,NA,NA,NA,,0,1,32.21294039,503.7718638,1.012473315,1782.093451,-31.41384826,6/1/17,723,11.75,96,NA,62,44,100,,0,0,NA,NA,NA,NA,NA,10/3/17,847,35.35,249,NA,202,190,90,,0,1,23.03112263,463.7802607,0.93971,1580.2,-29.9,4/20/18,1046,39.82,277,NA,188,186,87.5,,0,0,8/21/18,1169,28.17566221,485.7349809,0.55678,522.91,-30.36,,9/13/18,1192,65.8,410,NA,340,335,12.5,,0,1,24.8,492.96,0.55655,522.3,-31.53,NA,NA,NA,NA,NA,733.15,10/4/19,1582,85.71982968,430,59.58,NA,NA,335,350,100,healthy; not harvesting,0,1,26.53678234,492.6935141,0.4554,244.34,-29.82,NA,Not harvesting,NA,NA,NA,NA,NA,NA,NA,NA,NA,NA,4,1.5,0,,NA,0.000289102,0.063817064,0.013169844,0.41660869,0.593936494,2.292849053,3.554969812,0.000723125,0.044294878,0.012466181,0.219017717,0.30013538,1.041198757,1.583361862,0.001001037,0.092202228,0.023033612,0.523573655,0.737913168,2.871306317,4.592641459
48,NY,FX,Ski,48,47,ROPS,MN,41.41904,74.01121,6/9/15,0,4.22,29.6,NA,NA,NA,NA,,0,1,10/19/16,498,27.55,243.84,12.89,NA,NA,NA,,0,1,27.78,520.62,0.98201,1697.5,-31.2,6/1/17,723,17.81,202,NA,114,45,100,,0,0,NA,NA,NA,NA,NA,10/3/17,847,42.4,320,NA,302,220,85,major deer damage,0.5,1,35.92844458,457.2167297,0.63971,751.2,-29.5,4/20/18,1046,43.9,340,NA,175,197,87.5,major deer damage,0.5,0,8/21/18,1169,39.46055859,464.674506,0.42971,173.83,-28.78,,9/13/18,1192,71.12,465,NA,400,410,12.5,major deer damage,0.5,1,38.2,483.32,0.42117,150.4,-29.23,NA,NA,NA,NA,NA,NA,10/4/19,1582,94.70733868,625,78.5,NA,NA,467,467,100,healthy; not harvesting,0,1,25.76929579,472.1637629,0.38701,56.76,-29.25,NA,Not harvesting,NA,NA,NA,NA,NA,NA,NA,NA,NA,NA,NA,1.5,0,,NA,0.000387479,0.307706078,0.091900527,1.120097809,1.299133004,5.571485449,14.98681143,9.36E-05,0.057734208,0.012963364,0.252679358,0.284622072,1.484921474,3.959400432,0.000359227,0.353184758,0.101484334,1.339885583,1.561438797,7.015607705,19.4781427
49,NY,FX,Ski,49,50,BENI,HN,41.41906,74.01123,6/9/15,0,6.47,62.4,NA,NA,NA,NA,,0,1,10/19/16,498,27.63,194.31,5.83,NA,NA,NA,,0,1,33.98,488.73,1.05214,1892.2,-30.1,6/1/17,723,30.24,205,NA,102,78,100,,0,0,NA,NA,NA,NA,NA,10/3/17,847,45.6,312,NA,182,152,95,major deer damage,0.5,1,30.15199093,454.0854301,1.27777,2520.5,-30.4,4/20/18,1046,51.19,325,NA,146,173,87.5,major deer damage,0.5,0,8/21/18,1169,30.73383896,479.0572736,0.83311,1285.09,-31.15,,9/13/18,1192,51.93,320,NA,105,115,87.5,"dead with a live branch; previously major deer damage; live parts are 259 cm height, 115 cm length, 125 cm width",0.5,0,26.4,484.52,0.81113,1224.3,-31.22,NA,NA,NA,NA,NA,NA,10/4/19,1582,56.45,317,35.97,16.45,NA,134,122,100,"few leaves at very bottom; green height = 63 cm, length = 33 cm, width = 24 cm",0.5,0,NA,NA,NA,NA,NA,10/10/19,Very few leaves,395.3545038,205.589179,0,176.5214286,0,0,0,777.4651114,395.21,NA,4,1.5,0.1,,1172.675111,0.002897919,0.267874829,0.337351002,1.257029268,1.586066121,1.578810641,1.752718317,0.002996184,0.109547121,0.133591931,0.428140449,0.529757247,0.527588418,0.580741788,0.007111336,0.362377285,0.450651502,1.59631654,2.021830331,2.016796205,2.252205967
50,NY,FX,Ski,50,49,ROPS,HN,41.41906,74.01126,6/9/15,0,3.64,31.5,NA,NA,NA,NA,Insect herbivory,0.5,1,10/19/16,498,25.89,218.44,12.44,NA,NA,NA,insect herbivory on 6/9/2015,0,1,39.74,490.17,0.82487,1262.3,-32.6,6/1/17,723,30.17,245,NA,235,129,100,insect herbivory on 6/9/2015; no notes this time,0,0,NA,NA,NA,NA,NA,10/3/17,847,49,435,NA,315,235,100,major deer damage; insect herbivory on 6/9/2015; no notes between,0.5,1,36.34209959,443.6975647,0.68964,888.8,-29.8,4/20/18,1046,47.73,430,NA,195,151,87.5,major deer damage; insect herbivory on 6/9/2015; no notes between,0.5,0,8/21/18,1169,33.84709531,467.6910664,0.47494,298,-29,,9/13/18,1192,76.2,475,NA,490,380,37.5,major deer damage; insect herbivory on 6/9/2015; no notes between,0.5,1,37.6,474.16,0.47125,287.8,-31.36,NA,NA,NA,NA,NA,NA,10/4/19,1582,106.6240878,635,74.27,42.14,NA,520,525,100,healthy,0,1,29.97561444,463.4830414,0.41356,129.55,-28.82,10/10/19,,9109.377865,2544.819414,1604.823736,5225.942388,970,8765.531391,NA,19454.9634,6892.87,55.086,5,2,1,,26347.8334,0.000375695,0.235723744,0.374326474,2.0433305,1.904353818,5.941521742,17.10938434,0.000662205,0.129021816,0.194633147,0.716506537,0.667686101,2.347122683,5.789156842,0.000781211,0.380804195,0.593851567,3.033053906,2.834575223,8.458098099,23.3672926
51,NY,FX,Ski,51,52,BENI,PHN,41.41898,74.01136,6/9/15,0,5.26,68.8,NA,NA,NA,NA,,0,1,10/19/16,498,23.17,147.32,2.13,NA,NA,NA,,0,1,31.46,517.26,1.176,2236.7,-32.3,6/1/17,723,25.8,165,NA,116,102,100,,0,0,NA,NA,NA,NA,NA,10/3/17,847,46.25,284,NA,185,153,70,,0,1,21.70194105,457.035196,1.24304,2423.6,-29.9,4/20/18,1046,47.33,282,NA,118,154,87.5,,0,0,8/21/18,1169,26.62263042,475.5617982,0.62223,703.06,-30.07,,9/13/18,1192,75.08,450,NA,350,320,37.5,fertilized with NH4NO3,0,1,22.1,480.72,0.6495,778.2,-32.16,NA,NA,NA,NA,NA,506.12,10/4/19,1582,103.2721536,560,61.9,NA,NA,426,448,100,,0,1,22.15469434,493.5085625,0.50073,368.82,-28.83,10/10/19,,5027.707618,2665.35313,1530.902537,614.1127416,0,0,0,9838.076026,4237.06,NA,5,2,1,,14075.13603,0.002463435,0.124897529,0.180738613,1.097886453,1.122357978,4.531669532,9.691466506,0.002636506,0.057594931,0.078519348,0.379375067,0.387010056,1.422481116,2.995518148,0.006153651,0.184038808,0.257616423,1.430144525,1.464343791,6.021168857,13.61234919
52,NY,FX,Ski,52,51,ROPS,PHN,41.41892,74.01141,6/9/15,0,3.81,29.8,NA,NA,NA,NA,,0,1,10/19/16,498,25.37,210.82,6.99,NA,NA,NA,,0,1,35.64,516.3,1.04467,1871.5,-33.5,6/1/17,723,28.28,211,NA,287,176,100,,0,0,NA,NA,NA,NA,NA,10/3/17,847,46.95,275,NA,330,294,80,,0,1,40.07457577,466.327785,0.53319,458,-29.3,4/20/18,1046,45.12,335,NA,247,280,87.5,,0,0,8/21/18,1169,43.99341664,482.926388,0.46663,275.16,-30.54,,9/13/18,1192,75.81,420,NA,500,530,37.5,fertilized with NH4NO3,0,1,41.7,474.11,0.46394,267.8,-29.89,NA,NA,NA,NA,NA,NA,10/4/19,1582,98.09580062,545,57.53,47.99,41.41,590,558,100,,0,1,31.48803009,481.3879756,0.39249,71.78,-29.48,10/10/19,,4962.940954,3964.822871,3381.307723,8053.919514,390,NA,NA,20752.99106,5487.74,252.607,4,1.5,1,,26240.73106,0.004374511,0.743672471,0.903607627,2.832442695,3.14692513,9.734439519,19.47128593,0.004488261,0.271458149,0.343354857,1.02826937,0.943509852,2.899774914,5.064540495,0.009217771,1.147078641,1.377376302,4.028043806,4.446742292,12.84329673,24.63039608
53,NY,FX,Ski,53,54,BENI,MN,41.41905,74.01151,7/15/15,0,4.25,59,NA,NA,NA,NA,bad shape on 6/9/2015; was 3.97 mm diam and 59.6 cm height on 6/9/2015; replaced some time before 8/13/2015,0,1,10/19/16,498,20.02,116.84,NA,NA,NA,NA,replaced 2015,0,1,22.33,507.25,1.63903,3532.4,-32.6,6/1/17,687,22.62,125,NA,116,103,100,replaced 2015,0,0,NA,NA,NA,NA,NA,10/3/17,811,32.9,209,NA,130,132,80,replaced 2015,0,1,23.52761611,461.2009871,0.97635,1681.8,-30.9,4/20/18,1010,36.2,217,NA,122,104,87.5,replaced 2015,0,0,8/21/18,1133,14.585059,485.3926869,0.59077,616.44,-30.41,"Photosynthesis samples from 8/24/2017. Also ran photosynthesis samples from 9/7/2017, which were foliar_N_mg_g: 17.718, foliar_C_mg_g: 491.927; AP15N: 0.60234; d15N: 648.27; d13C: -30.72",9/13/18,1156,72.87,248,NA,165,205,62.5,replaced 2015,0,1,19.3,494.61,0.58598,603.3,-30.64,NA,NA,NA,NA,NA,543.79,10/4/19,1582,47.45,252,15.56,13.57,NA,162,133,100,"Very few leaves; green height = 137 cm, length = 44 cm, width = 57 cm",0.5,0,37.39172497,481.2531293,0.53551,464.43,-33.38,10/10/19,Very few leaves,351.0989529,218.6248571,0,63.40419355,0,0,0,633.1280036,230.34,NA,3,1,0.1,,863.4680036,0.000863007,0.045715138,0.062922146,0.277659017,0.342015625,1.20969857,0.657271092,0.001584721,0.033676552,0.043724243,0.153632644,0.184246576,0.564736529,0.328594872,0.002365802,0.069324609,0.09239469,0.358605822,0.438545627,1.537082147,0.828823197
54,NY,FX,Ski,54,53,ROPS,MN,41.41904,74.01146,6/9/15,0,4.93,42.9,NA,NA,NA,NA,,0,1,10/19/16,498,30.55,283.21,18.13,NA,NA,NA,,0,1,35.01630933,488.7180349,0.814559389,1233.779275,-32.75497701,6/1/17,723,36.13,288,NA,257,185,100,,0,0,NA,NA,NA,NA,NA,10/3/17,847,56.2,495,NA,305,235,70,minor deer damage,0.5,1,33.71164297,466.8908576,0.60547,656.9,-30.1,4/20/18,1046,59.72,481,NA,223,210,87.5,minor deer damage,0.5,0,8/21/18,1169,42.77468401,480.5200682,0.43881,198.83,-30.05,,9/13/18,1192,78.19,637,NA,430,420,37.5,minor deer damage,0.5,1,42.2,481.98,0.41685,138.6,-29.28,23.4,476.62,0.45819,252,-28.36,NA,10/4/19,1582,98.91947028,685,71.23,20.84,NA,489,411,100,foliar chemistry values are averages of duplicate runs of the same sample,0,1,30.56494312,485.4886529,0.39408,76.13,-28.79,10/10/19,,7696.832559,1862.970538,3089.915918,4279.323191,1370,5195.646259,NA,18299.04221,4418.18,7.112,4,1.5,1,,22717.22221,0.000842818,0.461820037,0.689882902,3.498765363,3.888968956,9.896311974,18.37058616,0.000159484,0.082250429,0.146084599,0.663092642,0.816418767,2.054169065,4.595554522,0.000801029,0.537004962,0.812560116,4.340571342,4.841000991,12.6925045,24.03194865
55,NY,FX,Ski,55,56,BENI,PHN,41.41908,74.01143,7/15/15,0,3.53,54,NA,NA,NA,NA,bad shape on 6/9/2015; was 3.34 mm diam and 47.8 cm height on 6/9/2015; replaced some time before 8/13/2015,0,1,10/19/16,498,15.25,138.43,1.53,NA,NA,NA,replaced 2015,0,1,29.43,484.86,1.25441,2455.3,-31.8,6/1/17,687,15.19,136,NA,62,49,100,replaced 2015,0,0,NA,NA,NA,NA,NA,10/3/17,811,28.3,221,NA,83,86,85,replaced 2015,0,1,27.46935278,446.9731071,1.1647,2205.3,-30,4/20/18,1010,28.9,218,NA,91,74,87.5,replaced 2015,0,0,8/21/18,1133,25.75089645,482.588389,1.17533,2234.89,-31.41,,9/13/18,1156,33,278,NA,105,120,12.5,fertilized with NH4NO3; replaced 2015,0,1,23,467.36,0.83342,1285.9,-30.73,NA,NA,NA,NA,NA,353.56,10/4/19,1582,35.16,248,17.78,NA,NA,84,93,100,"no leaves except at very bottom; green height = 26 cm, length = 17 cm, width = 39 cm",0.5,0,NA,NA,NA,NA,NA,10/10/19,No leaves,184.0016129,112.1288783,0,52.33902439,0,0,0,348.4695156,93.19,NA,3,1,0.1,,441.6595156,0.000733105,0.057318482,0.055112175,0.347121402,0.349868182,0.64744787,0.585209967,0.001088033,0.030261783,0.029323892,0.136862825,0.137873361,0.235577875,0.216172741,0.002328274,0.089347079,0.086420851,0.464987924,0.469788831,0.834676641,0.769184357
56,NY,FX,Ski,56,55,ROPS,PHN,41.41911,74.01131,6/9/15,0,5.26,38.5,NA,NA,NA,NA,,0,1,10/19/16,498,23.38,168.91,8.07,NA,NA,NA,,0,1,37.02,528.67,0.86583,1375.6,-32.4,6/1/17,723,27.65,203,NA,157,133,100,,0,0,NA,NA,NA,NA,NA,10/3/17,847,40.25,283,NA,221,211,65,,0,1,38.30438509,450.4421005,0.92198,1531.1,-29.9,4/20/18,1046,40.42,270,NA,164,184,87.5,,0,0,8/21/18,1169,44.78173794,489.1053869,0.49809,361.59,-30.68,,9/13/18,1192,65.36,410,NA,430,380,62.5,fertilized with NH4NO3,0,1,41,481.8,0.51696,413.4,-31.08,25.6,475.27,0.55184,509.3,-31.38,NA,10/4/19,1582,85.84594574,430,54.5,32.35,NA,412,383,100,,0,1,29.58600506,483.4625542,0.42622,164.28,-30.1,10/10/19,,3932.340569,2854.381467,729.3835666,3945.58601,74.193,3065.590753,NA,11535.88461,3468.23,6.206,4,1.5,1,,15004.11461,0.009785661,0.527219717,0.83849223,2.206988526,2.132182876,7.30903938,12.41424423,0.009018516,0.22747918,0.327018595,0.736914893,0.743665991,2.103716908,3.794831166,0.01963573,0.83038132,1.283940073,3.186510338,3.084958853,9.812629593,16.1387835
57,NY,FX,Ski,57,58,BENI,PHN,41.41921,74.01141,7/15/15,0,6.92,65,NA,NA,NA,NA,bad shape on 6/9/2015; replaced some time before 8/13/2015,0,0,10/19/16,433,11.37,71.12,NA,NA,NA,NA,replaced 2015,0,0,23.51,497.02,3.23209,8084.8,-32.5,6/1/17,687,17.35,74,NA,44,29,100,replaced 2015,0,0,NA,NA,NA,NA,NA,10/3/17,811,19.05,73,NA,55,44,90,replaced 2015,0,0,13.71683468,437.7662226,2.20323,5127.7,-30.6,4/20/18,1010,22.7,65,NA,64,64,87.5,"damage, standing water; replaced 2015",0.5,0,8/21/18,1133,21.75679718,481.2094438,0.78572,1154.06395,-31.56957,,9/13/18,1156,21.73,88,NA,70,40,62.5,fertilized with NH4NO3; replaced 2015,0,0,25.7,483.79,0.86377,1369.9,-32.09,NA,NA,NA,NA,NA,680.53,10/4/19,1582,25.18076846,98,NA,NA,NA,57,29,100,Very few leaves,0.5,0,33.73720716,472.1496856,0.67926,860.2,-32.69,10/17/19,Very few leaves,24.05638655,47.87963134,1.66764977,13.09361702,0,0,0,86.69728468,19.53,NA,3,1,0.1,,106.2272847,0.003535624,0.009998347,0.0223237,0.025578661,0.028134375,0.044843471,0.069500939,0.003478272,0.00764776,0.014156976,0.015692467,0.016641008,0.024631401,0.035092825,0.008498308,0.020545021,0.041134656,0.046329208,0.050335201,0.075336361,0.110958993
58,NY,FX,Ski,58,57,ROPS,PHN,41.41927,74.01147,6/9/15,0,3.13,29,NA,NA,NA,NA,,0,1,10/19/16,498,27.86,157.48,6.74,NA,NA,NA,,0,1,39.26,472.08,1.14959,2163.2,-31.2,6/1/17,723,32.6,184,NA,128,118,100,,0,0,NA,NA,NA,NA,NA,10/3/17,847,50.75,350,NA,262,225,80,major deer damage,0.5,1,32.86472586,448.9489973,0.83522,1290.9,-32,4/20/18,1046,53.2,322,NA,176,178,87.5,standing water; major deer damage,0.5,0,8/21/18,1169,30.03371193,469.2863286,0.47686,303.25,-28.72,"Photosynthesis samples. Also ran photosynthesis samples marked ""B,"" which I think was a different leaf. For those, foliar_N_mg_g: 31.304, foliar_C_mg_g: 477.347; AP15N: 0.50469; d15N: 379.72; d13C: -30.66",9/13/18,1192,73.69,400,NA,410,320,62.5,major deer damage,0.5,1,32.5,488.29,0.50426,378.5,-30.74,NA,NA,NA,NA,NA,NA,10/4/19,1582,72.05360505,NA,45.19,NA,NA,232,206,100,no leaves; no height on the datasheet; no green length etc.,0.5,0,NA,NA,NA,NA,NA,10/17/19,No leaves,1716.67368,349.8330077,0,962.1881423,NA,NA,NA,3028.69483,372.08,NA,NA,1.5,0.1,,3400.77483,0.003004736,0.677408835,1.030790315,4.037686826,4.077243278,8.858680993,NA,0.002933158,0.332416438,0.467013487,1.216865945,1.347556103,2.727164305,2.597817029,0.006477558,1.050810298,1.558723613,5.619697685,5.671393237,11.75497127,NA
59,NY,FX,Ski,59,60,BENI,HN,41.41919,74.01157,6/9/15,0,3.54,54.1,NA,NA,NA,NA,,0,0,10/19/16,498,10.27,93.98,NA,NA,NA,NA,,0,0,26.39,479.92,1.85523,4141.6,-30.7,6/1/17,723,11.02,95,NA,59,31,100,,0,0,NA,NA,NA,NA,NA,10/3/17,847,NA,NA,NA,NA,NA,NA,,0,0,16.42116676,457.8499644,1.49475,3127.4,-29.7,4/20/18,1046,15.7,118,NA,39,54,87.5,,0,0,8/21/18,1169,17.85528927,485.338619,0.47091,286.93,-31.25,,9/13/18,1192,26.56,155,NA,95,115,37.5,,0,0,14.6,421.19,0.47817,306.9,-32.53,NA,NA,NA,NA,NA,NA,10/4/19,1582,27.04689261,156,NA,NA,NA,77,102,100,"few leaves at bottom; foliar chemistry values are averages of duplicate runs of the same sample; green height = 51 cm, length = 19 cm, width = 21 cm",0.5,0,30.56786806,484.1429395,0.4795,310.51,-33.27,10/18/19,,80.4422179,55.72151899,3.618219937,0,0,0,0,139.7819568,43.15,NA,3,1,0.3,,182.9319568,0.000740708,0.014409957,0.016554326,NA,0.044713915,0.169737558,0.176639097,0.0010951,0.01011539,0.011279175,NA,0.024808268,0.074350828,0.076882437,0.002311469,0.02676441,0.030244562,NA,0.071859555,0.240780415,0.2498936
60,NY,FX,Ski,60,59,ROPS,HN,41.41918,74.01156,6/9/15,0,4.17,28.9,NA,NA,NA,NA,bad shape,0.5,0,10/19/16,498,NA,NA,NA,NA,NA,NA,dead,1,0,NA,NA,NA,NA,NA,6/1/17,723,NA,NA,NA,NA,NA,100,dead,1,0,NA,NA,NA,NA,NA,10/3/17,847,NA,NA,NA,NA,NA,NA,dead,1,0,NA,NA,NA,NA,NA,4/20/18,1046,NA,NA,NA,NA,NA,NA,dead; some standing water,1,0,8/21/18,1169,NA,NA,NA,NA,NA,,9/13/18,1192,NA,NA,NA,NA,NA,NA,dead,1,0,NA,NA,NA,NA,NA,NA,NA,NA,NA,NA,NA,10/4/19,1582,NA,NA,NA,NA,NA,NA,NA,100,gone,1,0,NA,NA,NA,NA,NA,NA,gone,NA,NA,NA,NA,NA,NA,NA,NA,NA,NA,NA,NA,0,,NA,0.00046078,NA,NA,NA,NA,NA,NA,0.000954194,NA,NA,NA,NA,NA,NA,0.000950499,NA,NA,NA,NA,NA,NA
61,NY,FX,Ski,61,62,BENI,LN,41.41933,74.01169,7/15/15,0,7.65,53,NA,NA,NA,NA,bad shape in 6/9/2015; replaced/new baseline; was NA/NA diam and height,0,0,10/19/16,433,10.18,76.2,NA,NA,NA,NA,replaced 2015,0,0,15.11,528.76,1.91333,4305.7,-34.3,6/1/17,687,13.31,75,NA,57,44,100,replaced 2015,0,0,NA,NA,NA,NA,NA,10/3/17,811,NA,NA,NA,NA,NA,NA,replaced 2015,0,0,17.74621067,426.3712873,0.84724,1324.2,-32.4,4/20/18,1010,10.14,59,NA,28,24,87.5,replaced 2015,0,0,8/21/18,1133,13.37608702,475.1975427,0.5742,570.82,-32.7,,9/13/18,1156,12.85,59,NA,25,15,37.5,"half dead; replaced 2015; live parts are 48 cm height, 23 cm length, 20 cm width",0.5,0,13.7,478.34,0.55673,522.8,-33.21,NA,NA,NA,NA,NA,209.02,10/4/19,1582,10.63,58,NA,NA,NA,36,26,100,no leaves; no green height etc.,0.5,0,NA,NA,NA,NA,NA,10/18/19,,2.403225806,6.17,0,0,0,0,0,8.573225806,5.94,NA,3,1,0,,14.51322581,0.003411929,0.011492708,0.017662947,NA,0.006949167,0.010555687,0.007307542,0.002932125,0.007323965,0.010184293,NA,0.004983938,0.006809509,0.005170811,0.008441719,0.022707097,0.033100935,NA,0.015195999,0.021665054,0.015883064
62,NY,FX,Ski,62,61,ROPS,LN,41.4193,74.01161,6/9/15,0,4.83,29.4,NA,NA,NA,NA,,0,0,10/19/16,498,7.63,72.39,NA,NA,NA,NA,,0,0,31.65,487.33,0.567,551,-33.1,6/1/17,723,8.67,75,NA,75,38,100,,0,0,NA,NA,NA,NA,NA,10/3/17,847,NA,NA,NA,NA,NA,NA,dead,1,0,31.23712502,469.2272952,0.57498,573,-31.4,4/20/18,1046,12.09,65,NA,16,27,87.5,damage; previously marked dead,0.5,0,8/21/18,1169,NA,NA,NA,NA,NA,,9/13/18,1192,12.48,105,NA,35,33,37.5,dead,1,0,NA,NA,NA,NA,NA,NA,NA,NA,NA,NA,NA,10/4/19,1582,NA,NA,NA,NA,NA,NA,NA,100,"No leaves; not actually gone, as recorded before, just covered",1,0,NA,NA,NA,NA,NA,10/18/19,"No leaves; not actually gone, as recorded before, just covered",NA,14.08,NA,0,NA,NA,67.083,NA,12.28,NA,NA,NA,0.1,,NA,3.00E-05,0.000434806,0.000667491,NA,0.001439897,0.003204416,NA,0.00115266,0.004486444,0.00655904,NA,0.017621372,0.019365135,NA,4.58E-05,0.000666223,0.001023379,NA,0.002210056,0.004924028,NA
63,NY,FX,Ski,63,64,BENI,MN,41.41934,74.0115,6/9/15,0,8.55,65.8,NA,NA,NA,NA,,0,0,10/19/16,498,20.77,88.9,NA,NA,NA,NA,,0,0,31.16,508.49,1.07219,1947.9,-31.9,6/1/17,723,20.17,95,NA,94,79,100,,0,0,NA,NA,NA,NA,NA,10/3/17,847,30.85,97,NA,74,63,95,unhealthy,0,0,25.80702551,458.0293877,1.23948,2413.7,-31.3,4/20/18,1046,33.4,108,NA,73,69,87.5,,0,0,8/21/18,1169,20.32038308,487.3414661,0.62339,706.24,-31.96,"Photosynthesis samples from 8/23/2017. Also ran photosynthesis samples from 8/24/2017 (""B"") and 9/7/2017. 8/24/2017 B: foliar_N_mg_g: 14.49642, foliar_C_mg_g: 493.8848; AP15N: 0.60576; d15N: 657.70; d13C: -31.96; 9/7/2017: foliar_N_mg_g: 21.05359, foliar_C_mg_g: 501.5722; AP15N: 0.62130; d15N: 700.48; d13C: -32.44; ",9/13/18,1192,38.56,143,NA,120,120,37.5,unhealthy,0,0,19.5,480.33,0.59109,617.3,-32.08,NA,NA,NA,NA,NA,NA,10/4/19,1582,43.05965629,137,NA,NA,NA,103,97,100,no leaves; no green height etc.,0.5,0,NA,NA,NA,NA,NA,10/18/19,No leaves,128.6368254,175.7813665,0,31.7422807,0,0,0,336.1604726,108.87,NA,3,1,0.1,,445.0304726,0.00367551,0.029685208,0.031851,0.067168344,0.092101589,0.186868005,0.207478259,0.00468049,0.02356089,0.025014961,0.045165553,0.058817391,0.107815776,0.117006659,0.007977029,0.047994996,0.050900194,0.099325558,0.132092228,0.252868484,0.279172766
64,NY,FX,Ski,64,63,ROPS,MN,41.41937,74.01154,6/9/15,0,3.91,19.5,NA,NA,NA,NA,dead,1,1,10/19/16,498,21.33,218.44,6.93,NA,NA,NA,listed as dead in 2015 but alive in 2016,0,1,38.66366989,489.3843557,0.952921744,1616.863103,-32.26938768,6/1/17,723,26.36,235,NA,154,89,100,listed as dead in 2015 but alive in 2016 and 2017,0,0,NA,NA,NA,NA,NA,10/3/17,847,36.95,318,NA,255,234,80,minor/moderate deer damage; listed as dead in 2015 but alive in 2016 and 2017,0.5,1,39.00431594,455.9123708,0.61434,681.3,-30.4,4/20/18,1046,40.92,288,NA,174,167,87.5,minor/moderate deer damage; listed as dead in 2015 but alive in 2016 and 2017,0.5,0,8/21/18,1169,32.41222563,452.084583,0.51444,406.5,-28.67,,9/13/18,1192,49.17,328,NA,130,140,87.5,"dead with a live branch; minor/moderate deer damage; listed as dead in 2015 but alive in 2016 and 2017; live parts are 220 cm length, 235 cm width",0.5,0,44.8,486.45,0.43294,182.7,-30.75,NA,NA,NA,NA,NA,NA,10/4/19,1582,49.16250807,373,32.73,19.44,NA,191,180,100,"green length = 138 cm, width = 180 cm",0.5,0,35.44432147,484.7576728,0.43287,182.5,-28.88,10/18/19,,1003.181089,226.2715385,100.2432168,540.1341661,NA,NA,NA,1869.83001,423.82,NA,NA,1,0.3,,2293.65001,0.000202419,0.151530115,0.266791962,0.812849375,0.916154632,1.614578731,1.868609574,7.21E-05,0.024038882,0.049633244,0.15775278,0.223735884,0.419618655,0.419399773,0.000183803,0.170030134,0.304829429,0.962428429,1.088902278,1.95411394,2.272159421
65,NY,FX,Ski,65,66,BENI,HN,41.41944,74.01175,7/15/15,0,5.67,64,NA,NA,NA,NA,bad shape on 6/9/2015; was 4.93 mm diam and 66 cm height on 6/9/2015; replaced some time before 8/13/2015,0,1,10/19/16,498,18.72,165.1,3.08,NA,NA,NA,replaced 2015,0,1,30.02,506.64,1.32658,2656.8,-33.5,6/1/17,687,20,174,NA,89,77,100,replaced 2015,0,0,NA,NA,NA,NA,NA,10/3/17,811,32.2,275,NA,165,155,100,replaced 2015,0,1,22.06127772,458.4519463,1.28389,2537.6,-32.4,4/20/18,1010,37.1,278,NA,158,125,87.5,replaced 2015,0,0,8/21/18,1133,19.90938738,462.3084546,1.08155,1973.97,-32.55,,9/13/18,1156,44.21,282,NA,100,115,87.5,"dead with a live branch; replaced 2015; live parts are 290 cm height, 190 cm length, 200 cm width",0.5,1,22.8,477.91,1.04882,1883,-32.75,NA,NA,NA,NA,NA,NA,10/4/19,1582,52.00660823,346,25.59,21.51,13.85,150,173,100,saw a turkey!,0,1,24.5472936,486.5305516,0.64595,768.39,-33.36,10/18/19,,733.0602954,278.2491346,281.9557534,339.791716,0,0,0,1633.056899,397.69,NA,4,1.5,1,,2030.746899,0.002421779,0.109734066,0.133793235,0.613945803,0.769232634,1.017472287,1.795475195,0.002614322,0.051498724,0.060742556,0.224437789,0.27488533,0.353751193,0.593606409,0.006069148,0.157232764,0.18829065,0.779903233,0.980499558,1.303368811,2.280883425
66,NY,FX,Ski,66,65,ROPS,HN,41.41945,74.01171,6/9/15,0,4.31,46.1,NA,NA,NA,NA,,0,1,10/19/16,498,15.5,139.7,5.82,NA,NA,NA,,0,1,43.5,497.49,1.56771,3332.1,-32.4,6/1/17,723,17.93,180,NA,107,102,100,,0,0,NA,NA,NA,NA,NA,10/3/17,847,25,224,NA,133,116,100,,0,0,33.7343756,453.2948519,1.2785,2522.5,-29.6,4/20/18,1046,24.18,216,NA,94,85,87.5,,0,0,8/21/18,1169,31.37483199,467.6729683,1.08429,1981.56,-30.21,,9/13/18,1192,24.54,230,NA,45,75,87.5,"dead with a live branch; live parts are 140 cm height, 90 cm length, 60 cm width",0.5,0,29.6,486.68,1.09842,2020.9,-30.61,NA,NA,NA,NA,NA,NA,10/4/19,1582,26.35,195,12.71,NA,NA,97,79,100,"scraggly; foliar chemistry values are averages of two samples, A and B; green height = 129 cm, green length = 61 cm, width = 54 cm",0.5,0,37.30104677,471.6371259,0.619781258,696.3456231,-32.51980805,10/18/19,,103.7673585,38.16297872,NA,77.01333333,NA,NA,NA,218.9436705,132.79,NA,NA,1,0.3,,351.7336705,0.000827835,0.046687629,0.084965839,0.22439013,0.200355596,0.221764108,0.216286743,0.00104274,0.032503452,0.048072651,0.117445781,0.107377971,0.111728265,0.135274903,0.0016689,0.080363359,0.14285971,0.363195765,0.325736704,0.359110941,0.350584675