Counter,Location,Experiment,Site,PID,Paired_PID,Species,Treatment,Lat_Deg,Lon_Deg,Date_01,Days_01,Diam_mm_01,Height_cm_01,DBH_01,Canopy_length_cm_01,Canopy_width_cm_01,Ground_cover_percent_01,Notes_01,Dead_01,Use_growth_01,Date_02,Days_02,Diam_mm_02,Height_cm_02,DBH_02,Canopy_length_cm_02,Canopy_width_cm_02,Ground_cover_percent_02,Notes_02,Dead_02,Use_growth_02,Date_03,Days_03,Diam_mm_03,Height_cm_03,DBH_03,Canopy_length_cm_03,Canopy_width_cm_03,Ground_cover_percent_03,Notes_03,Dead_03,Use_growth_03,Date_04,Days_04,Diam_mm_04,Height_cm_04,DBH_04,Canopy_length_cm_04,Canopy_width_cm_04,Ground_cover_percent_04,Notes_04,Dead_04,Use_growth_04,foliar_N_mg_g_04,foliar_C_mg_g_04,foliar_15N_AP_04,foliar_d15N_04,foliar_d13C_04,disk_d15N_04,Date_05,Days_05,Diam_mm_05,Height_cm_05,DBH_05,Canopy_length_cm_05,Canopy_width_cm_05,Ground_cover_percent_05,Notes_05,Dead_05,Use_growth_05,foliar_N_mg_g_05,foliar_C_mg_g_05,foliar_15N_AP_05,foliar_d15N_05,foliar_d13C_05,Date_06,Days_06,Diam_mm_06,Height_cm_06,DBH_06,Canopy_length_cm_06,Canopy_width_cm_06,Ground_cover_percent_06,Notes_06,Dead_06,Use_growth_06,foliar_N_mg_g_06,foliar_C_mg_g_06,foliar_15N_AP_06,foliar_d15N_06,foliar_d13C_06,AGB_est_kg_01,AGB_est_kg_02,AGB_est_kg_03,AGB_est_kg_04,AGB_est_kg_05,AGB_est_kg_06,BGB_est_kg_01,BGB_est_kg_02,BGB_est_kg_03,BGB_est_kg_04,BGB_est_kg_05,BGB_est_kg_06,Biomass_est_kg_01,Biomass_est_kg_02,Biomass_est_kg_03,Biomass_est_kg_04,Biomass_est_kg_05,Biomass_est_kg_06,MainStem_est_kg_01,MainStem_est_kg_02,MainStem_est_kg_03,MainStem_est_kg_04,MainStem_est_kg_05,MainStem_est_kg_06,Leaves_est_kg_01,Leaves_est_kg_02,Leaves_est_kg_03,Leaves_est_kg_04,Leaves_est_kg_05,Leaves_est_kg_06
1,OR,FX,3,67,68,ALRU,MN,NA,NA,6/21/16,0,8,28,NA,11,8,2,,0,1,5/10/17,323,12.1,55,NA,23,14,NA,"2 stems, unequal",0,0,10/16/17,482,26.9,170,4.1,100,90,1     2     3,,0,1,10/4/18,835,59.8480785,314,20.53997809,326,196,1,,0,1,29.03829657,515.1258103,0.44349,211.66,-25.28,NA,9/25/19,1191,85.76537763,445,40.69889433,340,330,NA,,0,1,28.60234032,490.9847948,0.47762,305.35,-23.94,9/22/20,1554,122,615,96,444,447,NA,,0,1,26.64682326,505.238808,0.45009,229.76,-24.04,0.009485036,0.0313478,1.097866433,4.127362602,10.1390653,30.24019141,0.005380146,0.013934566,0.087522024,0.55068417,1.259809026,2.833444541,0.015556918,0.047149288,1.13656025,3.922381858,8.455611836,23.32799507,0.003189384,0.015856352,0.338576902,3.368073071,9.379775768,25.53319982,0.006295652,0.015491448,0.759289531,0.759289531,0.759289531,4.706991592
2,OR,FX,3,68,67,PSME,MN,NA,NA,6/21/16,0,24,105,NA,50,45,2,"2 leaders, bushy",0,1,5/10/17,323,NA,NA,NA,NA,NA,NA,NA,0,0,10/16/17,482,50.3,232,12.3,145,125,1     2     3,split stem @ 30cm,0,1,10/4/18,835,74.3193676,336,31.98482765,199,184,1,"split 50 cm, 2 leaders",0,1,15.81323925,523.160586,0.75684,1074.28,-27.28,890.5,9/25/19,1191,91.98532492,450,44.110798,270,270,NA,dbh avg of 2 stems,0,1,15.95231139,497.0947569,0.85577,1347.78,-26.58,9/22/20,1554,148,603,129,336,338,NA,,0,1,16.33357046,499.3329065,0.68966,888.89,-26.49,0.19093562,NA,1.396636353,3.557120244,6.64045473,17.52036535,0.031818213,NA,0.160796217,0.361317666,0.584958816,1.482063124,0.250228825,NA,1.690251714,4.154865322,7.534725491,19.5485191,0.069727137,NA,0.45652888,1.137270883,2.07426703,5.332884361,0.121208483,NA,0.940107473,2.419849361,4.5661877,12.18748099
3,OR,FX,4,69,70,ALRU,LN,NA,NA,6/21/16,0,5.3,29,NA,22,12,2,Red looks healthier,0,1,5/10/17,323,7.8,38,NA,34,12,NA,,0,0,10/16/17,482,19.1,135,NA,129,108,1     2     3,,0,1,10/4/18,835,48.01499766,254,18.07840701,225,199,1,,0,1,31.41225133,517.3171031,0.37948,36.12,-25.06,NA,9/25/19,1191,73.0956223,350,27.89982079,305,320,NA,,0,1,18.51315584,493.8467203,0.38066,39.34,-25.06,9/22/20,1554,99,426,87,400,444,NA,,0,1,21.46686464,501.7494899,0.36924,8.04,-26,0.004727265,0.011878436,0.510058828,2.102565207,5.896076235,16.2080021,0.002086996,0.005075802,0.039816571,0.331782904,0.872242517,1.752459757,0.007736154,0.019287437,0.538660592,2.135898929,5.52233698,14.96742195,0.002157418,0.005920269,0.169820381,1.762326761,5.555837789,12.38985451,0.002569847,0.005958167,0.340238446,0.340238446,0.340238446,3.818147591
4,OR,FX,4,70,69,PSME,LN,NA,NA,6/21/16,0,23.5,127,NA,95,65,2,,0,1,5/10/17,323,NA,NA,NA,NA,NA,NA,NA,0,0,10/16/17,482,48.4,285,22.6,145,140,1     2     3,,0,1,10/4/18,835,75.09469222,408,45.292814,165,217,1,,0,1,17.04874391,512.0688421,0.43902,199.38,-27.73,423.79,9/25/19,1191,98.82206231,546,67.72739475,280,320,NA,,0,1,13.52409804,485.4643344,0.46979,283.84,-27.35,9/22/20,1554,140,671,89,339,400,NA,,0,1,14.81651881,492.4591125,0.4427,209.48,-27.08,0.257131742,NA,1.486730116,3.950955716,8.515156807,17.64169838,0.034654403,NA,0.154812852,0.375151966,0.692976426,1.380586134,0.329267443,NA,1.722240225,4.435842096,9.390804396,19.30619423,0.08749272,NA,0.515511434,1.347111915,2.73394503,5.473890301,0.169639022,NA,0.971218682,2.603843801,5.781211777,12.16780808
5,OR,FX,5,71,72,ALRU,PHN,NA,NA,6/21/16,0,2.7,20,NA,8.5,5.5,2,,0,1,5/10/17,323,6.7,38,NA,12,11,NA,,0,0,10/16/17,482,22.6,170,4,110,85,1     2     3,,0,1,10/4/18,835,47.33477791,336,25.5646944,197,238,1,,0,1,23.9262296,517.4743561,0.67954,860.97,-26.65,NA,9/25/19,1191,61.39991857,457,38.89987147,255,245,NA,,0,1,27.44760876,489.7822176,0.51529,408.83,-24.63,9/22/20,1554,75,520,54,336,335,NA,,0,1,22.21095277,505.8316306,0.48174,316.66,-26.38,0.000946831,0.007797988,0.948611411,2.991821035,5.709386451,10.23416239,0.000442409,0.003578155,0.058632244,0.321071603,0.584080941,0.925396839,0.001465064,0.011733379,0.95878469,2.554289235,4.217183565,7.460497715,0.000354623,0.003518015,0.258904492,2.302114116,5.019679532,8.848989722,0.000592209,0.004279973,0.689706919,0.689706919,0.689706919,1.385172671
6,OR,FX,5,72,71,PSME,PHN,NA,NA,6/21/16,0,24.1,143,NA,86,67,2,"2 leaders, bushy tree",0,1,5/10/17,323,NA,NA,NA,NA,NA,NA,NA,0,0,10/16/17,482,63,258,23,180,150,1     2     3,,0,1,10/4/18,835,91.85588005,368,44.70325492,234,213,1,burnt tips,0.5,1,22.80822743,514.3628586,0.98361,1701.98,-27.8,2047.37,9/25/19,1191,101.6090547,504,67.64687724,300,280,NA,,0,1,17.62368891,491.8903178,0.97422,1675.94,-27.14,9/22/20,1554,152,617,93,445,444,NA,,0,1,18.44599962,495.9745537,0.75008,1055.61,-26.98,0.276948707,NA,2.278498334,5.52632189,8.430217439,21.08035434,0.03636926,NA,0.253693681,0.55064376,0.71785858,1.647248915,0.345347259,NA,2.759764399,6.467142701,9.445937556,23.74205106,0.098773607,NA,0.709063709,1.697068775,2.648166816,5.959357542,0.178175101,NA,1.569434625,3.829253115,5.782050623,15.1209968
7,OR,FX,7,73,74,ALRU,HN,NA,NA,6/21/16,0,5.5,38,NA,13,15,3,,0,1,5/10/17,323,7.4,46,NA,16,13,NA,,0,0,10/16/17,482,16.9,119,NA,90,70,1     2     3,,0,1,10/4/18,835,39.65023581,244,12.97778101,204,57,1,split at 50 cm,0,1,28.91458376,511.3342509,0.55044,505.47,-24.93,NA,9/25/19,1191,60.56698771,400,33,260,280,NA,,0,1,27.56388355,486.7177313,0.51409,405.54,-24.04,9/22/20,1554,87,492,81,338,337,NA,,0,1,22.9055116,505.3467561,0.55366,514.33,-25.66,0.005561008,0.010790841,0.591354213,1.512639442,4.91918467,13.92193889,0.002272591,0.004496971,0.030048758,0.213625153,0.566017486,1.301911272,0.008219364,0.015677329,0.615623972,1.486599665,3.932840688,11.38420439,0.002775431,0.00547761,0.105176085,1.026461314,4.433006542,10.64193823,0.002785577,0.005313231,0.486178128,0.486178128,0.486178128,3.280000661
8,OR,FX,7,74,73,PSME,HN,NA,NA,6/21/16,0,22,132,NA,64,45,3,,0,1,5/10/17,323,NA,NA,NA,NA,NA,NA,NA,0,0,10/16/17,482,62.1,255,19.5,145,120,1     2     3,,0,1,10/4/18,835,86.4120686,388,42.29829311,209,78,1,,0,1,20.749871,521.6266688,0.94331,1590.22,-27.6,2068.74,9/25/19,1191,104.2335838,510,64.79722216,250,250,NA,,0,1,18.64799499,498.6941792,0.90943,1496.32,-26.79,9/22/20,1554,168,584,91,337,339,NA,,0,1,18.51334438,495.4509559,0.7214,976.44,-26.67,0.198859998,NA,1.998762424,4.192088267,8.218785897,21.02223335,0.028611157,NA,0.236319727,0.453863626,0.730460486,1.857031344,0.246813793,NA,2.40289324,4.729620158,9.134306544,23.78032154,0.076198449,NA,0.658899981,1.487496177,2.689495462,6.211014558,0.122661548,NA,1.339862443,2.70459209,5.529290435,14.81121879
9,OR,FX,8,75,76,ALRU,MN,NA,NA,6/21/16,0,7,40,NA,16,13,2,,0,1,5/10/17,323,10.9,55,NA,16,16,NA,"3 stems, unequal; measured below split",0,0,10/16/17,482,30,140,NA,100,85,1     2     3,,0,1,10/4/18,835,60.82147318,296,18.05004155,209,195,1,"extra stem from 1st planting, split at 10 cm",0,1,32.48123252,521.3884711,0.51651,412.19,-25.48,NA,9/25/19,1191,94.41715946,465,37.28069205,300,310,NA,"dbh avg of 2 stems, basal diam below split",0,1,29.05120736,495.6078589,0.48656,329.9,-25.4,9/22/20,1554,139,618,131,447,446,NA,,0,1,23.56205876,505.59898,0.4505,230.89,-26.9,0.009065951,0.025001175,0.958569054,3.570718712,11.63965348,40.75636121,0.003957424,0.010958927,0.112477587,0.571502398,1.571463312,3.824909348,0.013726328,0.036582484,1.076675016,3.544050161,9.693303166,33.33220515,0.004357921,0.012659262,0.328468746,2.940618404,11.00955317,31.64142664,0.00470803,0.012341913,0.630100308,0.630100308,0.630100308,9.114934573
10,OR,FX,8,76,75,PSME,MN,NA,NA,6/21/16,0,29.5,119,NA,88,76,2,,0,1,5/10/17,323,NA,NA,NA,NA,NA,NA,NA,0,0,10/16/17,482,68.8,232,14.6,165,140,1     2     3,,0,1,10/4/18,835,97.03164432,388,42.059767,200,214,1,,0,1,18.36107159,521.9606767,0.75134,1059.09,-28.45,1529.88,9/25/19,1191,117.5154458,495,53.54941643,260,260,NA,,0,1,18.41562974,501.1288473,0.79933,1191.68,-27.86,9/22/20,1554,205,587,90,336,339,NA,,0,1,14.58873617,496.4925448,0.6766,852.88,-28.32,0.357688587,NA,2.39468801,5.938744354,9.927949776,28.6173311,0.052099673,NA,0.289534192,0.601671233,0.910885956,2.657745661,0.471892378,NA,2.969469765,6.878575942,11.20763949,32.71714834,0.114753806,NA,0.725243934,1.882582998,3.130600838,8.238280539,0.242934781,NA,1.669444075,4.056161356,6.797348938,20.37905056
11,OR,FX,9,77,78,ALRU,LN,NA,NA,6/21/16,0,5.5,41,NA,10,9,1,Very small leaves burnt near base,0,1,5/10/17,323,8.7,51,NA,14,10,NA,,0,0,10/16/17,482,15.6,102,NA,75,70,1     2     3,,0,1,10/4/18,835,36.11164632,196,8.195047285,132,140,1,whimpy,0.5,1,30.91633988,518.0402225,0.37572,25.79,-26.78,NA,9/25/19,1191,51.9095367,290,20.74945782,260,270,NA,,0,1,27.51929271,498.5318686,0.38157,41.83,-25.15,9/22/20,1554,76,356,35,335,335,NA,,0,1,20.51929201,507.3819137,0.37173,14.87,-25.86,0.005349878,0.014850835,0.257549008,0.903106747,2.673636185,6.735185039,0.002272591,0.006525013,0.024996182,0.172296267,0.396968053,0.954021953,0.007509915,0.021114408,0.284116305,0.988775159,2.537656817,6.330652618,0.002564301,0.007294387,0.076251791,0.72180953,2.492338968,6.184220759,0.002785577,0.007556448,0.181297217,0.181297217,0.181297217,0.55096428
12,OR,FX,9,78,77,PSME,LN,NA,NA,6/21/16,0,22.5,136,NA,52,42,1,Tall,0,1,5/10/17,323,NA,NA,NA,NA,NA,NA,NA,0,0,10/16/17,482,48.2,213,8.6,95,80,1     2     3,,0,1,10/4/18,835,75.82923183,330,44.4263773,141,149,1,,0,1,17.48983041,514.7775701,0.46143,260.89,-27.19,592.59,9/25/19,1191,98.82307423,470,64.34764953,210,200,NA,,0,1,15.12933008,496.0940693,0.55133,507.93,-27.24,9/22/20,1554,146,623,82,229,300,NA,,0,1,16.06887449,490.9502532,0.51398,405.23,-26.46,0.195575684,NA,1.028093262,3.194083371,6.645447479,15.52994953,0.029009477,NA,0.135382379,0.353727544,0.63262086,1.382314879,0.239414521,NA,1.238913325,3.700792931,7.40637108,16.99347549,0.078184769,NA,0.368287587,1.090616356,2.247225724,5.116647588,0.117390915,NA,0.659805675,2.103467015,4.398221755,10.41330195
13,OR,FX,12,79,80,ALRU,LN,NA,NA,6/21/16,0,9.5,38,NA,23,22,2,,0,1,5/10/17,323,13.1,69,NA,35,27,NA,,0,0,10/16/17,482,28.4,195,5.8,110,96,1     2     3,,0,1,10/4/18,835,58.71047607,320,26.02999808,202,216,1,,0,1,22.554113,520.0192936,0.36777,4.03,-26.96,NA,9/25/19,1191,76.74868077,430,46.69089847,285,320,NA,,0,1,26.34966276,497.6800093,0.37269,17.51,-24.88,9/22/20,1554,111,515,72,388,414,NA,,0,1,25.12535153,505.6221455,0.36752,3.35,-25.45,0.017195838,0.04618156,1.454285709,4.06234079,8.301062273,20.17712703,0.007988245,0.016726732,0.099156066,0.526905814,0.975776198,2.27997433,0.028750327,0.066147495,1.463193765,3.812459579,6.892948183,16.81720285,0.008045067,0.027767908,0.437516223,3.045571304,7.284292787,17.62369872,0.00915077,0.018413652,1.016769486,1.016769486,1.016769486,2.553428306
14,OR,FX,12,80,79,PSME,LN,NA,NA,6/21/16,0,28,123,NA,73,57,1,Bushy,0,1,5/10/17,323,NA,NA,NA,NA,NA,NA,NA,0,0,10/16/17,482,65.2,260,14.3,130,110,1     2     3,,0,1,10/4/18,835,89.85336054,384,46.50065806,172,160,1,,0,1,18.72194727,516.3217906,0.45787,251.13,-28.43,602.8,9/25/19,1191,109.3910417,512,72.19002701,265,250,NA,,0,1,16.40992224,489.9028942,0.49245,346.08,-28.07,9/22/20,1554,183,633,99,333,335,NA,,0,1,15.40165902,494.653612,0.45699,248.7,-27.8,0.300888319,NA,2.075225675,4.736311055,8.991284681,24.72416432,0.045425063,NA,0.253406155,0.500788591,0.801839616,2.17840953,0.389532189,NA,2.481675311,5.412321202,10.03155089,27.67653074,0.104554791,NA,0.702388669,1.604170725,2.90376731,7.449373026,0.196333528,NA,1.372837006,3.132140331,6.087517371,17.27479129
15,OR,FX,13,81,82,ALRU,MN,NA,NA,6/21/16,0,6,38,NA,12,11,2,,0,1,5/10/17,323,9.1,56,NA,20,15,NA,,0,0,10/16/17,482,21.2,137,NA,105,90,1     2     3,,0,1,10/4/18,835,39.91757508,252,13.30891431,189,181,1,,0,1,30.25352862,519.4964931,0.47377,294.79,-26.57,NA,9/25/19,1191,62.0330557,378,28.54785456,305,295,NA,,0,1,30.02715072,493.6319531,0.46717,276.65,-24.62,9/22/20,1554,87,544,50,444,442,NA,,0,1,20.97131134,509.3837795,0.45207,235.2,-27.52,0.006314909,0.018341868,0.54561378,1.589363162,4.897226678,14.2952766,0.002776099,0.007235729,0.050612709,0.216952497,0.598026471,1.301911272,0.009343616,0.025908392,0.584030396,1.530660561,4.086003299,10.39521401,0.002948628,0.010008864,0.188354112,1.232103494,4.53996701,13.11917454,0.00336628,0.008333004,0.357259668,0.357259668,0.357259668,1.176102059
16,OR,FX,13,82,81,PSME,MN,NA,NA,6/21/16,0,17,123,NA,41,34,2,"Skinny canopy - near base, took ave canopy measurement",0,1,5/10/17,323,NA,NA,NA,NA,NA,NA,NA,0,0,10/16/17,482,36,187,8.7,115,115,1     2     3,,0,1,10/4/18,835,61.42043634,294,36.65680837,173,155,1,,0,1,21.96030489,516.131081,0.83366,1286.61,-28.09,1395.35,9/25/19,1191,87.66435992,395,49.34875885,240,260,NA,,0,1,15.65500885,490.2807948,0.89875,1466.76,-27.1,9/22/20,1554,131,512,73,384,344,NA,,0,1,14.78992322,494.7968533,0.73317,1008.94,-27.62,0.110100297,NA,0.701625313,2.320221816,5.602655321,14.00292262,0.016574587,NA,0.083465333,0.245247518,0.521395325,1.188703407,0.133300656,NA,0.863262076,2.731809784,6.478910397,16.04177692,0.046577349,NA,0.232944408,0.758753357,1.720417715,4.005271815,0.063522947,NA,0.468680905,1.561468459,3.882237606,9.997650808
17,OR,FX,15,83,84,ALRU,PHN,NA,NA,6/21/16,0,8.5,37,NA,10,10,1,"Green looks better although Red OK, just spindly",0,1,5/10/17,323,10.9,55,NA,15,15,NA,,0,0,10/16/17,482,17.4,126,NA,62,75,1     2     3,,0,1,10/4/18,835,17.93432463,110,NA,22,16,1,"Barely alive, leaning, uprooted.  OK to drop from database.  Dead top height = 110 cm.   Height to live foliage 42 cm.  ",1,0,25.44508101,503.7201991,1.47186,3063.22,-24.74,NA,9/25/19,1191,16,72,NA,50,50,NA,"nearly dead, not tall enough for DBH",1,0,26.03275015,494.7248827,0.50651,384.72,-24.65,9/22/20,1554,26,95,NA,28,17,NA,"sad  tree, measured w/ calipers",1,0,27.98396134,502.9548302,0.43053,176.09,-27.25,0.011923621,0.024678554,0.143810146,0.096635249,0.076762699,0.182554988,0.006185156,0.010958927,0.032132934,0.034447893,0.026494948,0.080933031,0.018467119,0.035964712,0.164594213,0.117221263,0.115402566,0.258178813,0.004740098,0.01233664,0.109658143,0.060159675,0.048308971,0.100709232,0.007183523,0.012341913,0.034152003,0.036475574,0.028453728,0.081845756
18,OR,FX,15,84,83,PSME,PHN,NA,NA,6/21/16,0,30,89,NA,83,72,2,Bushy,0,1,5/10/17,323,NA,NA,NA,NA,NA,NA,NA,0,0,10/16/17,482,40.7,192,8.8,140,122,1     2     3,,0,1,10/4/18,835,71.0698811,296,26.52324641,222,196,1,split at 1 m,0,1,20.4757662,518.7803674,0.89668,1461.03,-28.11,2195.24,9/25/19,1191,75.64919035,420,88.63814077,280,290,NA,basal diam below split,0,1,17.34201153,487.5144125,1.00656,1765.66,-27.61,9/22/20,1554,138,526,107,357,376,NA,,0,1,19.54577069,492.4375332,0.79691,1184.99,-27.54,0.31319137,NA,0.911585364,3.267855779,4.888092281,15.40747893,0.051576932,NA,0.107125342,0.33498888,0.41302802,1.310791535,0.438081862,NA,1.130161383,3.916436377,5.567181397,17.62214025,0.092078458,NA,0.289963511,0.982286975,1.509073307,4.408085881,0.221112912,NA,0.621621852,2.285568803,3.379018973,10.99939305
19,OR,FX,16,85,86,ALRU,LN,NA,NA,6/21/16,0,3.5,29,NA,8,8,2,"OK but Red looks better, bugs",0,1,5/10/17,323,8.5,52,NA,13,12,NA,,0,0,10/16/17,482,17.6,152,3.4,90,79,1     2     3,,0,1,10/4/18,835,37.90665905,270,16.74998806,155,172,1     2     3,,0,1,29.14364412,521.4576523,0.36768,3.77,-27.71,NA,9/25/19,1191,57.34213111,375,30.69853417,270,260,NA,,0,1,22.44295301,492.1946288,0.36823,5.28,-26.64,9/22/20,1554,83,459,49,339,336,NA,,0,1,19.3673329,501.1233518,0.36673,1.16,-26.78,0.001863291,0.014467238,0.563442802,1.573641717,4.196142095,10.33459637,0.000803607,0.006185156,0.032988779,0.192633926,0.499087754,1.168333201,0.002708256,0.02038954,0.567611887,1.438042391,3.443978191,8.401062977,0.000821596,0.007283715,0.146528416,1.156727331,3.779227709,9.207939561,0.001041695,0.007183523,0.416914386,0.416914386,0.416914386,1.126656813
20,OR,FX,16,86,85,PSME,LN,NA,NA,6/21/16,0,35,107,NA,68,66,1,Cone-like shape (xmas),0,1,5/10/17,323,NA,NA,NA,NA,NA,NA,NA,0,0,10/16/17,482,58.4,235,11.9,145,150,1     2     3,split stem @ 30cm,0,1,10/4/18,835,80.08887938,360,32.72488961,210,215,1     2     3,"split at 40 cm, 21 leader",0,1,13.50791746,513.7884443,0.49341,348.72,-26.63,719.24,9/25/19,1191,97.28165295,458,53.1415092,280,260,NA,,0,1,12.04134049,488.1012615,0.51603,410.86,-26.38,9/22/20,1554,148,574,108,334,336,NA,,0,1,16.67104238,497.8602577,0.48947,337.9,-27.45,0.402623181,NA,1.842437109,4.32624693,7.295754197,17.08638656,0.067346297,NA,0.214410583,0.424981407,0.64811623,1.473021686,0.545807334,NA,2.253254072,5.03068882,8.278693493,19.23728597,0.128597694,NA,0.578637552,1.362482166,2.275225194,5.120599529,0.274025487,NA,1.263799557,2.963764764,5.020529003,11.96578703
21,OR,FX,17,87,88,ALRU,PHN,NA,NA,6/21/16,0,12.5,40,NA,20,19,2,"Bugs; Coverage not marked in field, estimated later.",0,1,5/10/17,323,15.3,57,NA,21,21,NA,,0,0,10/16/17,482,22.5,120,NA,77,78,1     2     3,,0,1,10/4/18,835,43.33859712,202,9.340107066,167,141,1     2     3,,0,1,29.00715001,518.0082976,0.4907,341.26,-25.74,NA,9/25/19,1191,52.30984611,270,21.79977064,230,230,NA,,0,1,22.10086667,492.1242066,0.66306,815.55,-24.78,9/22/20,1554,86,387,39,300,333,NA,,0,1,27.2060015,496.1906494,0.53448,461.58,-24.53,0.029033996,0.050978478,0.366907217,1.248191366,2.421113058,8.702394398,0.015016895,0.023904375,0.05803726,0.262119457,0.404044336,1.26774978,0.049003016,0.07944509,0.428294477,1.431060279,2.43031357,8.049760656,0.012406383,0.025164261,0.165542409,1.046826558,2.21974825,8.0089077,0.016627613,0.025814217,0.201364808,0.201364808,0.201364808,0.693486699
22,OR,FX,17,88,87,PSME,PHN,NA,NA,6/21/16,0,27,111,NA,45,42,2,Kinda tall & skinny,0,1,5/10/17,323,NA,NA,NA,NA,NA,NA,NA,0,0,10/16/17,482,46.1,126,11.5,105,95,1     2     3,split stem @ 40cm,0,1,10/4/18,835,70.07790237,340,34.30480724,166,167,1     2     3,"split 40 cm, 1 leader",0,1,18.68900087,516.3789574,0.80132,1197.17,-27.22,2193.72,9/25/19,1191,82.94660933,395,49.24936548,230,260,NA,,0,1,17.66192687,492.6169866,0.97553,1679.56,-26.36,9/22/20,1554,134,518,82,333,331,NA,,0,1,21.58466966,489.961938,0.70312,926.02,-26.95,0.225620345,NA,0.802166312,3.060805371,5.096365614,13.94088612,0.038861792,NA,0.121768967,0.31645693,0.470076323,1.216990343,0.293225726,NA,1.080816571,3.529474623,5.868169947,15.89871404,0.084465905,NA,0.233503646,1.028242256,1.585787248,4.096887867,0.14115444,NA,0.568662666,2.032563115,3.510578365,9.843998252
23,OR,FX,18,89,90,ALRU,MN,NA,NA,6/21/16,0,5,39,NA,7,8,2,Bugs,0,1,5/10/17,323,9.7,50,NA,17,13,NA,,0,0,10/16/17,482,18.4,143,3.8,95,76,1     2     3,,0,1,10/4/18,835,38.12066369,288,19.40411812,175,162,1     2     3,,0,1,24.52938507,510.9424596,0.41879,143.88,-25.78,NA,9/25/19,1191,51.49961165,358,27.24958715,230,235,NA,,0,1,27.37753765,496.0751404,0.51625,411.46,-25.46,9/22/20,1554,78,372,46,224,227,NA,,0,1,27.18124206,507.1364161,0.44352,211.73,-25.79,0.004169063,0.018881067,0.4723132,1.583699586,3.206662234,6.735054433,0.001825232,0.008380349,0.036539963,0.195144425,0.389794943,1.012755691,0.005780586,0.027929736,0.487078833,1.38238829,2.619342728,6.227395748,0.00190527,0.009305862,0.148712103,1.260098489,2.883061137,5.750005214,0.002263794,0.009575205,0.323601097,0.323601097,0.323601097,0.985049219
24,OR,FX,18,90,89,PSME,MN,NA,NA,6/21/16,0,23,102,NA,45,42,2,Narrow & tall,0,1,5/10/17,323,NA,NA,NA,NA,NA,NA,NA,0,0,10/16/17,482,41.8,162,4.6,105,100,1     2     3,,0,1,10/4/18,835,69.78817951,286,21.77210601,165,151,1     2     3,burnt tips,0.5,1,17.88977036,520.6805124,0.6994,915.74,-28.62,1680.98,9/25/19,1191,76.19973753,360,40.4499691,210,250,NA,,0,1,16.84032506,500.0175972,0.82175,1253.67,-28.12,9/22/20,1554,127,433,61,228,300,NA,,0,1,16.36710263,495.5078445,0.65587,795.73,-28.71,0.169546638,NA,0.782260566,2.738623212,4.160991032,10.60656746,0.028873928,NA,0.105208659,0.305501459,0.394757123,1.03670257,0.222165245,NA,0.997128041,3.264375655,4.840026965,12.35270285,0.063068557,NA,0.250160948,0.880916605,1.291036047,3.145228823,0.106478081,NA,0.532099618,1.857706607,2.869954985,7.461338634
25,OR,FX,20,91,92,ALRU,HN,NA,NA,6/21/16,0,4.743416,41,NA,18,14,2,Bugs; Two diameters listed; took geometric mean of them (5 and 4.5),0,1,5/10/17,323,8.8,70,NA,16,13,NA,"2 stems, unequal",0,0,10/16/17,482,23.3,176,5.5,110,75,1     2     3,,0,1,10/4/18,835,43.81067222,326,24.33905298,206,180,1,,0,1,26.4886434,519.1493701,0.61789,691.1,-26.38,NA,9/25/19,1191,65.43806232,445,42.37688049,300,330,NA,,0,1,26.59714267,495.7612319,0.53251,456.16,-24.35,9/22/20,1554,92,526,63,335,441,NA,,0,1,17.12118698,499.7307808,0.64908,777.02,-27.58,0.004511423,0.018745226,1.102975491,2.708802516,6.763860856,15.07745509,0.001616951,0.006698804,0.062893494,0.268732947,0.676234148,1.480468288,0.006347281,0.023687224,1.10938573,2.340937278,5.198850291,11.63359413,0.002492833,0.010998484,0.275584096,1.88141112,5.93646946,13.15510364,0.002018591,0.007746741,0.827391396,0.827391396,0.827391396,1.922351448
26,OR,FX,20,92,91,PSME,HN,NA,NA,6/21/16,0,25,112,NA,67,75,2,,0,1,5/10/17,323,NA,NA,NA,NA,NA,NA,NA,0,0,10/16/17,482,55.5,255,19.6,160,125,1     2     3,split @ 50cm,0,1,10/4/18,835,86.81320867,358,36.25906783,237,219,1,"burnt tips, split 2 leaders at 50 cm",0.5,1,17.3119584,527.0171316,0.96649,1654.48,-27.07,2608.48,9/25/19,1191,96.95359715,438,52.96225071,250,265,NA,dbh avg of 2 stems,0,1,16.65388593,496.0673202,0.98755,1712.89,-26.96,9/22/20,1554,158,548,153,323,357,NA,,0,1,16.99454205,493.8465162,0.82035,1249.79,-26.98,0.252146075,NA,1.740586169,5.051470413,6.953281854,18.64209401,0.037351099,NA,0.195876467,0.498043905,0.635266316,1.654224688,0.331751929,NA,2.083682587,5.927416103,7.940336653,21.26533077,0.084247696,NA,0.571243444,1.54003098,2.164413169,5.42320582,0.167898379,NA,1.169342725,3.511439433,4.788868685,13.21888819
27,OR,FX,21,93,94,ALRU,HN,NA,NA,6/21/16,0,10,37,NA,17,13,1,Bugs,0,1,5/10/17,323,11.7,51,NA,21,13,NA,"2 stems, equal",0,0,10/16/17,482,31.4,148,4.7,92,75,1     2     3,,0,1,10/4/18,835,60.37764156,276,19.65489252,190,144,2,,0,1,29.351098,513.4556803,0.64897,776.71,-25.99,NA,9/25/19,1191,84.6433695,378,29.69932659,220,240,NA,basal diam below split,0,1,22.72068155,499.1218985,0.64972,778.79,-24.56,9/22/20,1554,107,474,93,337,332,NA,,0,1,17.44465533,488.4421786,0.59445,626.57,-25.83,0.01746166,0.027868455,0.747133373,2.899974417,7.10051509,18.62521999,0.008988498,0.012897769,0.124918079,0.561955905,1.222224194,2.095413776,0.028598742,0.042584692,0.863441197,3.012750347,6.630893015,16.52390671,0.007230254,0.01346984,0.358541192,2.511382236,6.711922909,14.22545449,0.010231406,0.014398615,0.38859218,0.38859218,0.38859218,4.399765497
28,OR,FX,21,94,93,PSME,HN,NA,NA,6/21/16,0,29,115,NA,78,70,1,,0,1,5/10/17,323,NA,NA,NA,NA,NA,NA,NA,0,0,10/16/17,482,59.1,229,14.5,145,140,1     2     3,,0,1,10/4/18,835,81.88283825,336,41.4048403,160,142,2,dead tips,0.5,1,15.84472797,518.8431393,1.00273,1755.04,-27.26,2408.77,9/25/19,1191,96.67590186,425,51.59844959,260,220,NA,,0,1,15.67856616,493.6970678,1.21554,2346.93,-26.55,9/22/20,1554,137,545,78,333,300,NA,,0,1,17.17328968,497.4259664,0.94641,1598.81,-26.83,0.326793782,NA,1.824352796,3.692385739,6.603696113,14.42208336,0.049325378,NA,0.216991084,0.410217721,0.621286421,1.260809046,0.432352789,NA,2.241542529,4.292646593,7.56034273,16.27986616,0.106801597,NA,0.572360648,1.242089211,2.074984479,4.35929916,0.219992185,NA,1.251992148,2.450296528,4.528711635,10.0627842
29,OR,FX,22,95,96,ALRU,PHN,NA,NA,6/21/16,0,3.693237,32,NA,17,13,1,Bugs; Two diameters listed; took geometric mean of them (3.1 and 4.4),0,1,5/10/17,323,11.5,72,NA,34,21,NA,"2 stems, unequal",0,0,10/16/17,482,41,190,7.5,110,105,1     2     3,"split stem, 28.3 & 20.2 cm",0,1,10/4/18,835,75.75070297,346,27.25912691,265,257,1,split at ground 1:56.35 2:36.61 (small dbh 15.27),0,1,29.12074229,526.0493408,0.67031,835.54,-26.37,NA,9/25/19,1191,99.6106922,454,48.89539856,355,330,NA,basal diam below split,0,1,26.69294378,499.7553435,0.60447,654.13,-24.52,9/22/20,1554,129,553,111,443,442,NA,,0,1,18.69699719,508.8361526,0.6964,907.47,-26.69,0.002441368,0.03629156,1.901894393,6.532409568,13.38817028,31.44411503,0.000909334,0.012396302,0.230722515,0.946839661,1.777423057,3.221390991,0.003604536,0.049232627,2.063116505,6.288259536,11.63769628,26.73535174,0.001270437,0.022423192,0.780344679,5.410859854,12.26662057,25.03509787,0.001170931,0.013868368,1.121549714,1.121549714,1.121549714,6.409017154
30,OR,FX,22,96,95,PSME,PHN,NA,NA,6/21/16,0,28,149,NA,69,66,2,Skinny ,0,1,5/10/17,323,NA,NA,NA,NA,NA,NA,NA,0,0,10/16/17,482,65.4,245,26.5,180,140,1     2     3,,0,1,10/4/18,835,97.47886694,380,50.77893264,193,204,1,,0,1,19.8190439,518.1841276,0.90495,1483.94,-27.64,1806.22,9/25/19,1191,112.3418889,505,77.36924454,255,265,NA,,0,1,18.53198268,495.4361913,0.90283,1478.05,-26.91,9/22/20,1554,174,643,106,339,338,NA,,0,1,18.1368123,494.9527944,0.75971,1082.23,-26.49,0.33553606,NA,2.323022732,5.807634482,9.349747795,23.1878371,0.046655381,NA,0.26829863,0.600353732,0.841660235,1.997833914,0.41652811,NA,2.845936294,6.744114307,10.48318469,25.81703726,0.122813738,NA,0.712494714,1.847862176,2.986772318,7.047991889,0.212722323,NA,1.610528018,3.959772306,6.362975477,16.13984521
31,OR,FX,23,97,98,ALRU,HN,NA,NA,6/21/16,0,4.6,37,NA,12,9,2,,0,1,5/10/17,323,8.7,57,NA,16,11,NA,,0,0,10/16/17,482,22.2,162,4.4,92,88,1     2     3,,0,1,10/4/18,835,48.25027876,300,21.61490227,184,152,1,droughty browse,0.5,1,30.18860587,524.9413591,0.7966,1184.13,-26.13,NA,9/25/19,1191,65.54906559,400,36.54421979,235,265,NA,,0,1,25.11437513,507.584136,0.72339,981.95,-25.48,9/22/20,1554,91,488,52,338,337,NA,,0,1,18.39982047,507.8602489,0.55593,520.56,-27.02,0.003697826,0.016102283,0.836146978,2.515368081,5.482109852,12.62092843,0.001506712,0.006525013,0.056272855,0.335534134,0.678875394,1.443717791,0.005257908,0.022088144,0.852974536,2.312045311,4.518557446,10.13045884,0.001809695,0.008545835,0.232215975,1.911437077,4.878178849,11.34255454,0.001888132,0.007556448,0.603931003,0.603931003,0.603931003,1.278373883
32,OR,FX,23,98,97,PSME,HN,NA,NA,6/21/16,0,26,139,NA,78,75,2,Bushy,0,1,5/10/17,323,NA,NA,NA,NA,NA,NA,NA,0,0,10/16/17,482,61.5,260,25.3,165,130,1     2     3,,0,1,10/4/18,835,105,398,54.50715182,212,191,1,,0,1,19.04515711,522.0948632,1.04995,1886.15,-27.29,3248.98,9/25/19,1191,114.8769777,476,75.94524343,280,280,NA,,0,1,15.95028946,492.9971782,1.02987,1830.38,-26.26,9/22/20,1554,178,583,103,335,335,NA,,0,1,18.43498787,497.9291333,0.82725,1268.88,-26.26,0.306851283,NA,2.089601773,6.69728249,9.755896584,22.86530294,0.04157418,NA,0.237721712,0.691547408,0.883994588,2.0566942,0.387156541,NA,2.511880158,7.747203139,11.11958141,25.95187778,0.107379839,NA,0.674494138,2.134235903,2.983041568,6.713480681,0.199471443,NA,1.415107635,4.563046587,6.772855016,16.15182226
33,OR,FX,24,99,100,ALRU,MN,NA,NA,6/21/16,0,7,39,NA,18,14,2,,0,1,5/10/17,323,10.8,68,NA,51,17,NA,,0,0,10/16/17,482,24.8,160,5.2,105,100,1     2     3,,0,1,10/4/18,835,43.30628476,238,11.47858876,202,186,2,,0,1,23.9945333,513.113777,0.52184,426.84,-25.38,NA,9/25/19,1191,53.66274313,300,20.64993947,250,210,NA,not a very happy alder ... Few leaves,0.5,1,26.63481067,494.3715063,0.48152,316.05,-24.75,9/22/20,1554,69,389,32,333,300,NA,,0,1,26.42824307,500.5428413,0.42089,149.65,-24.79,0.009127648,0.032946247,0.467888293,1.53057521,2.748691331,6.114823481,0.003957424,0.010729062,0.07259822,0.261670183,0.428484094,0.763906165,0.014041138,0.045663653,0.506031043,1.571030604,2.575142565,5.195701864,0.004419618,0.020849412,0.288434718,1.351121636,2.569237756,5.659433329,0.00470803,0.012096835,0.179453575,0.179453575,0.179453575,0.455390152
34,OR,FX,24,100,99,PSME,MN,NA,NA,6/21/16,0,31.5,127,NA,68,58,2,,0,1,5/10/17,323,NA,NA,NA,NA,NA,NA,NA,0,0,10/16/17,482,69.4,260,23.1,145,145,1     2     3,,0,1,10/4/18,835,95.82965512,370,50.70880003,191,193,2,,0,1,17.44318822,517.82025,0.82925,1274.4,-27.74,1254.6,9/25/19,1191,112.1474922,480,67.28328173,270,250,NA,,0,1,18.03634962,495.5092523,0.8588,1356.16,-26.82,9/22/20,1554,183,548,95,335,336,NA,,0,1,15.23942463,496.0628805,0.72369,982.78,-27.48,0.360597609,NA,2.495563469,5.501258953,9.110391006,23.23168592,0.05598161,NA,0.294480054,0.576790616,0.834791302,2.149148498,0.466735475,NA,3.021123036,6.406112735,10.31674555,26.71215762,0.125707676,NA,0.796107055,1.754435697,2.860941567,6.643706103,0.234889933,NA,1.699456415,3.746823255,6.249449439,16.58797981
35,OR,FX,26,101,102,ALRU,HN,NA,NA,6/21/16,0,6,29,NA,9,8,3,,0,1,5/10/17,323,8.9,40,NA,12,13,NA,Basal damage,0,0,10/16/17,482,20.8,115,NA,74,60,1     2     3,,0,1,10/4/18,835,53.38241377,260,18.38075624,146,135,1,droughty,0.5,1,32.04976073,513.4762704,0.69366,899.91,-27.36,NA,9/25/19,1191,77.52793045,450,39.49886074,280,286,NA,,0,1,31.15820481,504.8926033,0.64262,759.22,-25.89,9/22/20,1554,108,536,60,443,442,NA,,0,1,17.48060288,503.7916265,0.59677,632.93,-27.28,0.00536027,0.013970234,0.844472502,2.525475299,8.256026889,19.99389564,0.002776099,0.006875181,0.048443195,0.423353332,0.998713557,2.140729253,0.008384145,0.021677653,0.893893248,2.604088537,6.604210605,15.89137306,0.00199399,0.006030639,0.131991029,1.812993825,7.543545416,18.2609524,0.00336628,0.007939595,0.712481473,0.712481473,0.712481473,1.732943244
36,OR,FX,26,102,101,PSME,HN,NA,NA,6/21/16,0,29.5,159,NA,88,94,3,Bushy at base.,0,1,5/10/17,323,NA,NA,NA,NA,NA,NA,NA,0,0,10/16/17,482,62.6,310,31.9,150,145,1     2     3,,0,1,10/4/18,835,95.60984887,398,58.79117621,209,195,1,,0,1,19.99699297,525.4336403,0.89876,1466.78,-27.15,2176.77,9/25/19,1191,118.1813437,540,82.34962052,290,256,NA,,0,1,18.70662271,497.2632822,0.90417,1481.78,-26.11,9/22/20,1554,189,640,114,337,336,NA,,0,1,17.42267119,497.2968131,0.72587,988.8,-26.28,0.429824007,NA,2.330621319,5.806528509,10.66574467,26.20598306,0.054760263,NA,0.249784954,0.584522483,0.937341553,2.314643768,0.53502501,NA,2.703431092,6.677341766,11.86734728,29.3414947,0.147738177,NA,0.795916963,1.872821347,3.416110933,7.874145832,0.28208583,NA,1.534704356,3.933707161,7.249633742,18.33183723
37,OR,FX,27,103,104,ALRU,HN,NA,NA,6/21/16,0,3,23,NA,8,8,2,,0,1,5/10/17,323,9.1,50,NA,17,13,NA,,0,0,10/16/17,482,24,157,4.4,95,95,1     2     3,,0,1,10/4/18,835,53.68323761,264,23.31460915,203,202,1,"one dead branch, off center leader",0.5,1,25.4113249,510.4107956,0.51405,405.44,-24.9,NA,9/25/19,1191,67.59881656,346,35.8987465,275,270,NA,,0,1,22.73839717,491.6743106,0.5878,608.25,-26.33,9/22/20,1554,93,443,59,336,334,NA,,0,1,24.22053839,504.1816948,0.45254,236.49,-26.4,0.001254003,0.016735108,0.841998865,2.731441999,5.16965932,12.30153787,0.000563723,0.007235729,0.067324473,0.428860568,0.728697064,1.517741774,0.001913764,0.024487098,0.877048625,2.802421566,4.767575396,10.71347749,0.000509182,0.008402104,0.260520796,2.14996393,4.588181251,10.62942281,0.000744821,0.008333004,0.581478069,0.581478069,0.581478069,1.672115058
38,OR,FX,27,104,103,PSME,HN,NA,NA,6/21/16,0,23.5,121,NA,54,49,3,A little spindly,0,1,5/10/17,323,NA,NA,NA,NA,NA,NA,NA,0,0,10/16/17,482,53.6,242,19.2,125,100,1     2     3,,0,1,10/4/18,835,87.39365423,368,49.72338082,183,189,1,a few dead tips,0.5,1,19.76007384,520.9166118,1.01585,1791.45,-27.6,2252.67,9/25/19,1191,113.8394483,480,62.89713825,255,240,NA,,0,1,19.14078631,498.0648591,1.00368,1757.66,-26.95,9/22/20,1554,180,618,89,338,337,NA,,0,1,18.21531936,497.4752708,0.8068,1212.32,-26.85,0.205438895,NA,1.442417008,4.692727088,9.107429042,23.96365959,0.031579121,NA,0.174560736,0.485276311,0.849188443,2.1138882,0.26092036,NA,1.723321786,5.430356785,10.2991463,26.93201651,0.07707272,NA,0.497656222,1.525698213,2.892902927,7.155549291,0.128366175,NA,0.944760787,3.167028875,6.214526115,16.8081103
39,OR,FX,28,105,106,ALRU,LN,NA,NA,6/21/16,0,4,33,NA,11,9,2,,0,1,5/10/17,323,8,59,NA,17,13,NA,,0,0,10/16/17,482,19.7,153,3.8,92,69,1     2     3,,0,1,10/4/18,835,38.28733472,246,15.67486523,153,200,1,,0,1,29.85613307,519.7243306,0.36906,7.56,-24.7,NA,9/25/19,1191,61.43158797,364,26.4488185,304,285,NA,,0,1,29.1463416,493.5403609,0.37005,10.26,-24.13,9/22/20,1554,85,459,55,410,410,NA,,0,1,30.63069053,509.8328631,0.367,1.92,-24.35,0.002658655,0.014363316,0.476967125,1.407889469,4.576174065,11.78006899,0.001092509,0.005380146,0.042752294,0.197112387,0.584774077,1.234100804,0.003835233,0.019200598,0.489138775,1.35801868,3.90624457,9.687034336,0.001265684,0.008067664,0.173249129,1.104171474,4.272456069,10.33979254,0.001392972,0.006295652,0.303717995,0.303717995,0.303717995,1.440276448
40,OR,FX,28,106,105,PSME,LN,NA,NA,6/21/16,0,33.5,139,NA,90,75,2,Bushy,0,1,5/10/17,323,NA,NA,NA,NA,NA,NA,NA,0,0,10/16/17,482,64.1,275,23.7,185,185,1     2     3,,0,1,10/4/18,835,100.7410884,390,51.5471716,263,227,1,,0,1,15.51859859,511.9380258,0.52147,425.83,-27.49,530.7,9/25/19,1191,111.4899099,494,81.9291157,290,310,NA,,0,1,16.26634901,493.6120869,0.50049,368.18,-26.9,9/22/20,1554,166,666,107,338,442,NA,,0,1,14.44091421,490.5023188,0.46946,282.94,-27,0.468537616,NA,2.543761075,6.833366506,9.792199728,23.45100829,0.066605612,NA,0.26949454,0.666115485,0.852430272,1.894928401,0.603266752,NA,3.059078077,7.982117111,11.09556938,26.03463286,0.155446624,NA,0.782199758,2.060583091,2.987800086,6.98167395,0.313090992,NA,1.761561317,4.772783415,6.804399642,16.46933434
41,OR,FX,29,107,108,ALRU,HN,NA,NA,6/21/16,0,4,35,NA,10,9,3,,0,1,5/10/17,323,7.7,60,NA,16,8,NA,,0,0,10/16/17,482,16.6,140,NA,75,64,1     2     3,,0,1,10/4/18,835,37.40943999,250,14.35788285,160,176,1,,0,1,31.50318987,517.4235085,0.59035,615.28,-24.85,NA,9/25/19,1191,55.19855071,366,29.09982818,300,380,NA,,0,1,28.48615685,498.9263701,0.66517,821.37,-24.76,9/22/20,1554,90,494,67,468,407,NA,,0,1,29.3857008,510.6912049,0.57849,582.64,-25.23,0.002708102,0.012851879,0.485765943,1.432210481,4.206283071,14.70586894,0.001092509,0.004927377,0.028836046,0.186871849,0.457215304,1.407488574,0.003813958,0.016764372,0.494061791,1.362124073,3.456091624,11.82035477,0.00131513,0.007058692,0.113660671,1.060105209,3.834177799,12.51473053,0.001392972,0.005793187,0.372105273,0.372105273,0.372105273,2.191138408
42,OR,FX,29,108,107,PSME,HN,NA,NA,6/21/16,0,24,125,NA,67,58,3,,0,1,5/10/17,323,NA,NA,NA,NA,NA,NA,NA,0,0,10/16/17,482,55.8,260,16.9,151,139,1     2     3,,0,1,10/4/18,835,79.68567751,368,44.37315179,205,184,1,burnt tips,0.5,1,17.85779059,522.4517022,0.98836,1715.15,-27.86,2480.93,9/25/19,1191,101.2338876,468,64.44998061,240,260,NA,,0,1,16.33125812,496.3423209,0.99709,1739.38,-27.26,9/22/20,1554,152,564,97,339,337,NA,,0,1,15.66486282,495.9622799,0.77066,1112.47,-27.53,0.235264637,NA,1.785426856,4.159044287,7.552804044,17.73889974,0.034204649,NA,0.198861356,0.414658995,0.687127194,1.545495024,0.299677587,NA,2.131120359,4.794015794,8.524411021,20.07723493,0.084686793,NA,0.586618956,1.352728028,2.41022119,5.250535285,0.150577844,NA,1.198807901,2.80631626,5.142582854,12.48836445
43,OR,FX,30,109,110,ALRU,MN,NA,NA,6/21/16,0,9,46,NA,21,18,2,Bugs,0,1,5/10/17,323,12.3,70,NA,21,20,NA,"2 stems, very unequal",0,0,10/16/17,482,19.7,151,2.5,85,97,1     2     3,,0,1,10/4/18,835,51.70954941,236,14.73429673,156,185,1,"drought, split at bottom",0.5,1,26.28038191,518.9611539,0.45919,254.74,-26.8,NA,9/25/19,1191,66.02726709,296,24.94153163,210,220,NA,basal diam below split,0,1,23.06010216,495.7655935,0.59284,622.12,-25.04,9/22/20,1554,85,353,57,232,229,NA,,0,1,20.1777635,505.0933649,0.64367,762.1,-26.24,0.016569819,0.037639646,0.447676534,1.957878287,3.706365856,7.869710371,0.007054153,0.014470011,0.042752294,0.393459322,0.690320462,1.234100804,0.025394178,0.051822595,0.462326689,2.149072638,3.788965365,7.76875345,0.008434804,0.021585548,0.179578683,1.689780436,3.438268005,6.31580444,0.008135014,0.016054098,0.268097851,0.268097851,0.268097851,1.553905931
44,OR,FX,30,110,109,PSME,MN,NA,NA,6/21/16,0,21,118,NA,65,63,3,,0,1,5/10/17,323,NA,NA,NA,NA,NA,NA,NA,0,0,10/16/17,482,31,187,9.8,142,107,1     2     3,,0,1,10/4/18,835,69.51309229,310,36.59955737,199,188,1,"burnt tips, .2 leaders",0.5,1,19.31472539,521.294634,0.68447,874.58,-27.18,1604.31,9/25/19,1191,91.19950658,396,59.04828533,230,260,NA,,0,1,17.21531703,493.7870982,0.76626,1100.29,-26.6,9/22/20,1554,130,519,85,333,335,NA,,0,1,17.38576735,494.3732831,0.65554,794.81,-26.77,0.188640611,NA,0.578918296,3.108776045,5.903668816,13.35486073,0.026869329,NA,0.064789851,0.318441867,0.557733996,1.153989788,0.241412131,NA,0.707591477,3.676207467,6.834364823,15.20160783,0.067400722,NA,0.191968275,0.973049057,1.814657988,3.93749312,0.121239889,NA,0.386950022,2.135726989,4.089010828,9.417367609
45,OR,FX,31,111,112,ALRU,HN,NA,NA,6/21/16,0,9.5,37,NA,24,17,3,,0,1,5/10/17,323,10.4,50,NA,16,14,NA,,0,0,10/16/17,482,15.3,100,NA,62,57,1     2     3,,0,1,10/4/18,835,35.22769933,190,7.789685488,152,156,1.5,,0,1,27.31103719,513.4867393,0.45805,251.61,-26.08,NA,9/25/19,1191,45.19823005,268,16.89970414,220,230,NA,,0,1,28.4818832,498.456849,0.48329,320.93,-24.87,9/22/20,1554,100,376,42,229,333,NA,,0,1,22.08140804,508.0789742,0.45799,251.44,-26.28,0.016697805,0.021546422,0.184156097,0.8239868,1.845885226,10.25647175,0.007988245,0.009837025,0.023904375,0.162749983,0.288713034,1.79344105,0.027933487,0.032242249,0.208218739,0.919789903,1.7642644,10.24134184,0.007547035,0.010403397,0.066961996,0.706792699,1.728691125,9.444646091,0.00915077,0.011143025,0.117194101,0.117194101,0.117194101,0.811825657
46,OR,FX,31,112,111,PSME,HN,NA,NA,6/21/16,0,21,110,NA,48,53,3,,0,1,5/10/17,323,NA,NA,NA,NA,NA,NA,NA,0,0,10/16/17,482,41.5,194,7.3,110,110,1     2     3,,0,1,10/4/18,835,69.5129844,288,26.52497691,177,153,1.5,,0,1,18.46759511,520.2349568,0.8998,1469.64,-26.56,3187.68,9/25/19,1191,91.35212094,388,46.24391852,220,210,NA,,0,1,17.08911516,493.7484017,1.03419,1842.37,-26.09,9/22/20,1554,132,501,73,228,228,NA,,0,1,15.32791447,492.6064036,0.76615,1100.01,-26.61,0.163753867,NA,0.869399207,2.787235648,5.511082757,11.21675405,0.025446624,NA,0.107246514,0.306191142,0.543879024,1.095069594,0.210766156,NA,1.069491467,3.322847308,6.369705855,12.64570066,0.060770858,NA,0.29013705,0.888626013,1.743311907,3.623068864,0.102983009,NA,0.579262157,1.898609635,3.767770851,7.593685182
47,OR,FX,32,113,114,ALRU,PHN,NA,NA,6/21/16,0,4,34,NA,13,11,3,,0,1,5/10/17,323,7.5,46,NA,19,13,NA,,0,0,10/16/17,482,14.2,105,NA,70,58,1     2     3,,0,1,10/4/18,835,33.80763227,196,8.554928404,167,155,2,,0,1,30.40036601,516.7403824,0.55713,523.86,-25.38,NA,9/25/19,1191,42.29952718,256,18.2252572,210,220,NA,,0,1,24.39554676,502.474804,0.61488,682.82,-24.42,9/22/20,1554,66,374,35,226,227,NA,,0,1,26.2123457,510.3895142,0.53502,463.07,-25.25,0.002795665,0.011292014,0.201847509,0.832507569,1.595971919,4.983829199,0.001092509,0.004637971,0.020134938,0.148054307,0.247889873,0.689664955,0.004035731,0.01654439,0.219121151,0.894750033,1.541268505,4.315043779,0.001402693,0.005821289,0.064244796,0.694904857,1.458369207,4.432864919,0.001392972,0.005470725,0.137602712,0.137602712,0.137602712,0.55096428
48,OR,FX,32,114,113,PSME,PHN,NA,NA,6/21/16,0,29.5,144,NA,81,76,2,,0,1,5/10/17,323,NA,NA,NA,NA,NA,NA,NA,0,0,10/16/17,482,58,242,22.6,155,134,1     2     3,,0,1,10/4/18,835,94.78891022,374,47.53152217,205,203,2,cones,0,1,20.98356604,518.6759421,0.85004,1331.92,-26.76,1530.45,9/25/19,1191,111.996875,486,67.43330038,280,290,NA,,0,1,20.96543698,493.55136,0.90875,1494.45,-26.91,9/22/20,1554,175,632,95,337,335,NA,,0,1,18.33679433,496.6575748,0.76345,1092.56,-26.69,0.383096884,NA,1.829888453,5.594665761,9.55130267,23.12948018,0.052641434,NA,0.211525825,0.573079206,0.849260901,2.012083285,0.484336375,NA,2.221918932,6.513800845,10.83461986,25.83636727,0.132504517,NA,0.584306864,1.764004922,2.93752918,6.99698143,0.250592368,NA,1.245581589,3.830660839,6.61377349,16.13249875
49,OR,FX,33,115,116,ALRU,PHN,NA,NA,6/21/16,0,5.5,34,NA,15,14,3,"Abit healthier, both are viable.",0,1,5/10/17,323,9.2,47,NA,19,13,NA,,0,0,10/16/17,482,17.2,118,NA,74,65,1     2     3,,0,1,10/4/18,835,35.89027723,196,8.8252762,141,128,1,drought stressed,0.5,1,32.33828903,522.7570408,0.45034,230.45,-25.06,NA,9/25/19,1191,52.62932643,274,19.8839131,220,220,NA,,0,1,27.36416918,504.6155313,0.54424,488.43,-25.77,9/22/20,1554,73,368,36,300,229,NA,,0,1,25.47004653,516.6142316,0.43555,189.86,-26.46,0.00530396,0.016781058,0.266995677,0.877175086,2.400194183,6.038152267,0.002272591,0.007419918,0.031289782,0.169876684,0.409742557,0.86962033,0.008174943,0.025268062,0.292126837,0.95967378,2.388619805,5.468736643,0.002518383,0.008247488,0.101399721,0.711579129,2.234598227,5.453181858,0.002785577,0.00853357,0.165595956,0.165595956,0.165595956,0.584970409
50,OR,FX,33,116,115,PSME,PHN,NA,NA,6/21/16,0,21.5,107,NA,59,56,3,"3 leaders, small but healthy",0,1,5/10/17,323,NA,NA,NA,NA,NA,NA,NA,0,0,10/16/17,482,43.6,197,11.7,110,107,1     2     3,2 stems,0,1,10/4/18,835,78.71085313,288,29.90676345,153,163,1,"cones, 2 stems at 0.5m",0,1,23.61044785,522.7808825,0.8237,1259.06,-27.49,2344.72,9/25/19,1191,95.46798521,382,43.20094675,230,250,NA,dbh avg of 2 stems,0,1,20.23006695,497.9297148,0.87171,1391.87,-26.79,9/22/20,1554,140,510,127,344,332,NA,,0,1,21.08970921,496.8613221,0.6984,912.99,-27.07,0.177688726,NA,0.938468953,3.305139711,6.170747453,14.94054314,0.02717059,NA,0.117070144,0.379639055,0.600939083,1.319497963,0.231873985,NA,1.15382935,3.96444209,7.207266929,17.1436638,0.063047863,NA,0.313874438,1.048358474,1.872016765,4.317523061,0.114640863,NA,0.624594515,2.256781237,4.298730688,10.62302008
51,OR,FX,34,117,118,ALRU,PHN,NA,NA,6/21/16,0,5.5,38,NA,17,16,2,,0,1,5/10/17,323,13.5,72,NA,35,20,NA,,0,0,10/16/17,482,33.5,192,8.2,107,108,1     2     3,,0,1,10/4/18,835,65.71123648,332,30.7747039,247,266,1,,0,1,27.17905886,518.9737988,0.66473,820.16,-26.81,NA,9/25/19,1191,90.27739917,412,47.13517476,310,340,NA,,0,1,18.82585311,490.4974705,0.62808,719.16,-25.44,9/22/20,1554,112,466,69,441,441,NA,,0,1,21.17983382,505.7617084,0.48303,320.22,-27.64,0.00574954,0.048640327,1.608205903,5.144326112,10.35050707,19.13703031,0.002272591,0.017924819,0.144974014,0.682744604,1.417486383,2.327493936,0.008588476,0.068393714,1.667364293,4.866675799,9.333284807,17.11878153,0.002963963,0.028981104,0.570757493,4.106877702,9.313058659,16.8044965,0.002785577,0.019659223,1.037448411,1.037448411,1.037448411,2.332533812
52,OR,FX,34,118,117,PSME,PHN,NA,NA,6/21/16,0,21.5,108,NA,79,68,2,Scrawny compared to other PSME,0,1,5/10/17,323,NA,NA,NA,NA,NA,NA,NA,0,0,10/16/17,482,47.9,206,11.1,166,135,1     2     3,,0,1,10/4/18,835,83.84972868,304,33.65849818,172,204,1,,0,1,21.36970636,516.7397034,1.01543,1790.27,-27.07,2192.48,9/25/19,1191,107.4999535,414,56.69490277,298,240,NA,,0,1,19.29715098,493.2120999,1.00418,1759.06,-26.53,9/22/20,1554,154,556,79,339,336,NA,,0,1,19.60384448,494.1866345,0.8239,1259.62,-26.77,0.199921225,NA,1.291623908,4.055330502,8.113777499,17.97168005,0.028564523,NA,0.148708519,0.442853235,0.767402642,1.579564754,0.262776297,NA,1.602954624,4.864566801,9.442748142,20.40908496,0.066715424,NA,0.396174693,1.238365083,2.411783118,5.285176958,0.133205801,NA,0.895449215,2.816965419,5.70199438,12.68650309
53,OR,FX,36,119,120,ALRU,LN,NA,NA,6/21/16,0,7,35,NA,17,13,3,,0,1,5/10/17,323,8.1,38,NA,21,8,NA,"last year's leader dead, recovering well",0,0,10/16/17,482,13.6,129,NA,91,50,1     2     3,,0,1,10/4/18,835,25.19649976,198,7.284792379,144,146,2,"unopened buds, sickly",0.5,1,27.89508805,515.008883,0.3719,15.34,-26.48,NA,9/25/19,1191,33.45295204,266,14.19859148,210,210,NA,alder a bit sickly,0.5,1,28.68677612,499.7277464,0.3771,29.6,-25.16,9/22/20,1554,48,351,24,332,334,NA,,0,1,25.95380021,506.6853904,0.36911,7.69,-26.93,0.008573272,0.011697211,0.157496981,0.501532445,1.112217331,3.163028572,0.003957424,0.005536084,0.018231676,0.0752956,0.144506152,0.331544595,0.013608553,0.018420242,0.161921491,0.485068024,0.957329521,2.540496666,0.003865242,0.005229042,0.076567228,0.420602693,1.031287579,2.915990505,0.00470803,0.006468169,0.080929752,0.080929752,0.080929752,0.247038067
54,OR,FX,36,120,119,PSME,LN,NA,NA,6/21/16,0,35,120,NA,95,90,2,Bushy.,0,1,5/10/17,323,NA,NA,NA,NA,NA,NA,NA,0,0,10/16/17,482,56.2,255,18.3,158,150,1     2     3,,0,1,10/4/18,835,87.20410541,362,48.4243286,210,228,2,0.5m split stem,0,1,12.70960006,507.2033559,0.47402,295.46,-27.29,1347.5,9/25/19,1191,107.8305152,464,74.24984848,280,280,NA,,0,1,14.03581861,490.8054482,0.51343,403.71,-27.08,9/22/20,1554,148,541,98,337,336,NA,,0,1,12.26777688,482.3650139,0.48182,316.87,-27.24,0.494511356,NA,1.840348178,5.01490012,8.748634039,16.67473478,0.072661917,NA,0.203479861,0.498613529,0.78678547,1.465634671,0.660546213,NA,2.212173539,5.86370484,9.981813394,18.98541818,0.15034346,NA,0.590449916,1.551041143,2.674855207,4.888067139,0.344167896,NA,1.249898261,3.463858977,6.073778833,11.78666765
55,OR,FX,37,121,122,ALRU,MN,NA,NA,6/21/16,0,2.5,17,NA,7,5,2,,0,1,5/10/17,323,5.7,30,NA,11,14,NA,,0,0,10/16/17,482,16.1,112,NA,76,70,1     2     3,,0,1,10/4/18,835,44.43165763,242,14.70958871,159,155,1,,0,1,30.293414,509.2358941,0.50315,375.47,-26.33,NA,9/25/19,1191,63.94841671,350,29.19571886,266,240,NA,,0,1,17.52560987,486.7959314,0.51364,404.3,-24.58,9/22/20,1554,75,389,39,334,229,NA,,0,1,16.85100034,500.420003,0.49804,361.43,-27.45,0.000751455,0.005227912,0.463021667,1.68993745,4.49720346,6.864468963,0.000370637,0.002467171,0.026877361,0.277574709,0.641350795,0.925396839,0.001181968,0.008330682,0.486607608,1.72516313,4.019659804,6.037568781,0.00025057,0.002217177,0.088304713,1.315220496,4.122486506,6.170982264,0.000500885,0.003010736,0.374716954,0.374716954,0.374716954,0.693486699
56,OR,FX,37,122,121,PSME,MN,NA,NA,6/21/16,0,24,104,NA,58,77,3,,0,1,5/10/17,323,NA,NA,NA,NA,NA,NA,NA,0,0,10/16/17,482,51.3,232,13.8,135,115,1     2     3,,0,1,10/4/18,835,71.09898452,316,31.80558442,179,172,1,,0,1,16.63659098,521.3193701,0.89067,1444.37,-27.51,1338.46,9/25/19,1191,88.55252678,416,49.94276724,250,240,NA,,0,1,15.04048599,488.9098456,0.91032,1498.78,-27.09,9/22/20,1554,131,535,71,336,333,NA,,0,1,13.45386247,490.4561558,0.76215,1088.96,-27,0.223462046,NA,1.388525657,3.100342338,5.770231733,13.70845642,0.034102187,NA,0.164051407,0.325848819,0.531547618,1.173926313,0.29743649,NA,1.677086953,3.642097045,6.603783983,15.52420391,0.074233357,NA,0.462117736,1.000068579,1.811361604,4.079040328,0.149228689,NA,0.926407921,2.100273759,3.958870129,9.629416094
57,OR,FX,38,123,124,ALRU,PHN,NA,NA,6/21/16,0,7,38,NA,13,12,2,More bushy & branching the Green ALRU,0,1,5/10/17,323,9.5,54,NA,23,14,NA,,0,0,10/16/17,482,24.6,162,5,105,87,1     2     3,,0,1,10/4/18,835,62.55497582,336,28.45499956,217,201,1,Browse,0.5,1,23.91996306,512.1013234,0.75947,1081.54,-27.39,NA,9/25/19,1191,88.96313843,466,53.34941424,320,330,NA,,0,1,23.82502662,495.5779534,0.71623,962.17,-25.48,9/22/20,1554,131,563,74,447,442,NA,,0,1,20.57411827,503.1263434,0.59109,617.3,-26.5,0.008609424,0.019722244,1.630758167,4.889353535,11.63934975,28.87675017,0.003957424,0.007988245,0.071258693,0.609662363,1.370472501,3.337421705,0.013119775,0.028593801,1.663732282,4.554869983,9.60689084,23.78132654,0.003901394,0.010571474,0.2808245,3.539419869,10.28941609,26.17016675,0.00470803,0.00915077,1.349933666,1.349933666,1.349933666,2.706583421
58,OR,FX,38,124,123,PSME,PHN,NA,NA,6/21/16,0,27,132,NA,85,85,2,Bushy,0,1,5/10/17,323,NA,NA,NA,NA,NA,NA,NA,0,0,10/16/17,482,58.7,255,16.5,135,130,1     2     3,,0,1,10/4/18,835,85.78459069,380,55.79015863,187,207,1,,0,1,17.90950874,518.9846441,0.9189,1522.58,-27.31,1626,9/25/19,1191,98.64714897,498,77.58911006,290,310,NA,,0,1,17.22389817,493.1008628,0.89257,1449.65,-26.55,9/22/20,1554,150,599,105,339,400,NA,,0,1,18.48236649,495.4902527,0.71993,972.4,-26.61,0.333177648,NA,1.833385996,4.755657503,8.141505408,18.63866882,0.045209932,NA,0.213542183,0.476262314,0.684442953,1.54549548,0.428054094,NA,2.195881386,5.475434433,9.141621781,20.92561995,0.110934884,NA,0.608954153,1.542797954,2.533623121,5.505642962,0.222242764,NA,1.224431843,3.212859548,5.607882288,13.13302585
59,OR,FX,43,125,126,ALRU,LN,NA,NA,6/21/16,0,5.5,31,NA,18,11,3,Large leaves,0,1,5/10/17,323,9.2,49,NA,21,12,NA,,0,0,10/16/17,482,24.1,141,NA,89,75,1     2     3,,0,1,10/4/18,835,45.75624548,250,18.43442974,167,168,1,,0,1,20.02902281,518.2057534,0.37756,30.84,-25.7,NA,9/25/19,1191,54.33323108,300,34.9380881,210,190,NA,,0,1,21.36099716,501.2631538,0.3797,36.71,-26.5,9/22/20,1554,87,393,47,226,228,NA,,0,1,18.67482163,498.8613975,0.3721,15.89,-24.51,0.00508175,0.017238504,0.770962971,2.010337253,3.027191725,8.284656682,0.002272591,0.007419918,0.067971414,0.296977114,0.440897697,1.301911272,0.008076291,0.025617106,0.823919701,2.02822071,2.871292213,7.642582629,0.002296173,0.008704934,0.222068642,1.461442925,2.478297396,7.253523347,0.002785577,0.00853357,0.548894328,0.548894328,0.548894328,1.031133335
60,OR,FX,43,126,125,PSME,LN,NA,NA,6/21/16,0,24.5,108,NA,87,71,3,2 leaders; short & bushy,0,1,5/10/17,323,NA,NA,NA,NA,NA,NA,NA,0,0,10/16/17,482,63,232,12.7,169,136,1     2     3,,0,1,10/4/18,835,98.67349492,370,37.01861694,207,195,1,,0,1,15.41990769,509.685584,0.46066,258.77,-27.13,435.68,9/25/19,1191,113.7946396,510,75.42731601,240,270,NA,,0,1,15.70460936,486.6921234,0.50524,381.23,-26.29,9/22/20,1554,180,594,95,400,336,NA,,0,1,17.18430793,489.4139226,0.46596,273.33,-26.45,0.252698469,NA,2.091140867,5.880299051,9.492074089,24.54790896,0.036661029,NA,0.24708914,0.613561648,0.858859659,2.142281906,0.335795541,NA,2.579183761,6.873929857,10.62038528,27.89224813,0.081266747,NA,0.641116658,1.844578919,3.053167555,7.053361808,0.171431722,NA,1.450024209,4.035720132,6.438906534,17.49454715
61,OR,FX,46,127,128,ALRU,MN,NA,NA,6/21/16,0,3,39,NA,21,11,3,Bushy,0,1,5/10/17,323,8,54,NA,21,14,NA,,0,0,10/16/17,482,19.3,152,5.5,99,88,1     2     3,,0,1,10/4/18,835,44.89499972,288,21.12906056,163,206,1,nipped buds,0.5,1,31.24532492,522.4517022,0.51324,403.21,-26.77,NA,9/25/19,1191,67.83696338,428,43.30144339,350,295,NA,,0,1,27.44397789,498.9965922,0.52011,422.09,-26.56,9/22/20,1554,101,569,67,429,376,NA,,0,1,26.98203629,508.2902767,0.45727,249.47,-26.56,0.001884078,0.014149243,1.043079038,2.563793268,6.971684603,18.95785927,0.000563723,0.005380146,0.040782037,0.284277472,0.734615055,1.834958581,0.002459065,0.019780413,1.054943525,2.389039208,5.571708409,14.25651462,0.001139258,0.007853591,0.176837857,1.697552087,6.105443422,16.76672086,0.000744821,0.006295652,0.866241181,0.866241181,0.866241181,2.191138408
62,OR,FX,46,128,127,PSME,MN,NA,NA,6/21/16,0,12.5,78,NA,35,30,2,,0,1,5/10/17,323,NA,NA,NA,NA,NA,NA,NA,0,0,10/16/17,482,27.9,160,3.8,89,75,1     2     3,,0,1,10/4/18,835,55.50786881,247,19.40481384,130,114,1,,0,1,20.76869126,519.6008795,0.84675,1322.82,-27.54,1195.17,9/25/19,1191,69.06904878,328,37.08339521,178,186,NA,,0,1,18.31879423,496.5142616,0.88918,1440.26,-27.56,9/22/20,1554,107,479,60,241,257,NA,,0,1,15.76867582,493.3852416,0.71951,971.22,-27.27,0.05153402,NA,0.37733549,1.595328767,3.069045661,8.296217709,0.008848345,NA,0.048540052,0.18932927,0.312715796,0.760329994,0.067872946,NA,0.465024306,1.909388674,3.577174666,9.351416834,0.020442891,NA,0.134499471,0.539935445,0.996612093,2.651316069,0.031091129,NA,0.242836019,1.055393322,2.072433568,5.64490164
63,OR,FX,47,129,130,ALRU,LN,NA,NA,6/21/16,0,4.5,37,NA,10,11,3,Avg. growth form; Burnt leader.,0,1,5/10/17,323,8.3,56,NA,16,11,NA,,0,0,10/16/17,482,16.1,135,NA,81,69,1     2     3,,0,1,10/4/18,835,36.18753653,256,15.68833962,192,191,1,,0,1,30.74213036,529.8221861,0.36821,5.23,-25.7,NA,9/25/19,1191,60.77956482,388,30.119834,310,280,NA,,0,1,31.5569317,501.0435082,0.37345,19.59,-24.35,9/22/20,1554,88,459,49,445,385,NA,,0,1,29.14889882,507.4286615,0.36865,6.42,-24.73,0.003547108,0.014607627,0.507978464,1.485101686,4.880485611,12.10961969,0.001432438,0.005855537,0.026877361,0.173130208,0.570597093,1.336587059,0.005024804,0.020000207,0.517794702,1.381233333,3.974589221,10.00877266,0.00174716,0.00778685,0.107595719,1.084718941,4.480102866,10.98296287,0.001799948,0.006820777,0.400382746,0.400382746,0.400382746,1.126656813
64,OR,FX,47,130,129,PSME,LN,NA,NA,6/21/16,0,20.5,117,NA,77,77,3,,0,1,5/10/17,323,NA,NA,NA,NA,NA,NA,NA,0,0,10/16/17,482,46.4,215,9.6,125,110,1     2     3,,0,1,10/4/18,835,62.99836188,296,37.60051063,185,185,1,,0,1,17.86234457,518.6802883,0.44914,227.15,-28.21,494.86,9/25/19,1191,92.7078659,418,57.73647028,290,255,NA,,0,1,17.11726501,494.5749193,0.51388,404.96,-27.57,9/22/20,1554,146,563,75,338,369,NA,DBH 1 high above whorl,0,1,15.89029167,492.3429715,0.46978,283.83,-27.99,0.197171662,NA,1.116191612,2.561356303,6.528175938,17.02217409,0.026675439,NA,0.134221376,0.263144369,0.589981893,1.450112733,0.254302895,NA,1.357265615,3.032351561,7.520442989,19.26336467,0.067161158,NA,0.37316375,0.809738165,1.980584971,5.000282401,0.130010505,NA,0.743027862,1.751618138,4.547590967,12.02189169